dp_size,rank,sequence_length,recompute_norm,repeat,arm,gpu_uuid,step,seconds,peak_allocated_bytes,peak_reserved_bytes,selected_group_calls,selected_transfer_bytes,offload_summary_bytes
1,0,2048,False,0,disabled,GPU-7595108b-553d-3126-385e-30133180c720,3,0.8971382640302181,22949555200,23362273280,0,0,0
1,0,2048,False,0,disabled,GPU-7595108b-553d-3126-385e-30133180c720,4,0.9386655928101391,22949555200,23362273280,0,0,0
1,0,2048,False,0,disabled,GPU-7595108b-553d-3126-385e-30133180c720,5,0.9221742351073772,22949555200,23362273280,0,0,0
1,0,2048,False,0,disabled,GPU-7595108b-553d-3126-385e-30133180c720,6,0.9780133939348161,22949555200,23362273280,0,0,0
1,0,2048,False,0,disabled,GPU-7595108b-553d-3126-385e-30133180c720,7,1.0187147078104317,22949555200,23362273280,0,0,0
1,0,2048,False,0,disabled,GPU-7595108b-553d-3126-385e-30133180c720,8,0.9348138370551169,22949555200,23362273280,0,0,0
1,0,2048,False,0,disabled,GPU-7595108b-553d-3126-385e-30133180c720,9,0.9298033870290965,22949555200,23362273280,0,0,0
1,0,2048,False,0,disabled,GPU-7595108b-553d-3126-385e-30133180c720,10,0.9623831899370998,22949555200,23362273280,0,0,0
1,0,2048,False,0,disabled,GPU-7595108b-553d-3126-385e-30133180c720,11,1.049383730860427,22949555200,23362273280,0,0,0
1,0,2048,False,0,disabled,GPU-7595108b-553d-3126-385e-30133180c720,12,0.9745305250398815,22949555200,23362273280,0,0,0
1,0,2048,False,0,0,GPU-7595108b-553d-3126-385e-30133180c720,3,1.0061985179781914,22948507136,23811063808,0,0,0
1,0,2048,False,0,0,GPU-7595108b-553d-3126-385e-30133180c720,4,0.9714398779906332,22948507136,23811063808,0,0,0
1,0,2048,False,0,0,GPU-7595108b-553d-3126-385e-30133180c720,5,0.9148606131784618,22948507136,23811063808,0,0,0
1,0,2048,False,0,0,GPU-7595108b-553d-3126-385e-30133180c720,6,0.9785954989492893,22948507136,23811063808,0,0,0
1,0,2048,False,0,0,GPU-7595108b-553d-3126-385e-30133180c720,7,0.9980289328377694,22948507136,23811063808,0,0,0
1,0,2048,False,0,0,GPU-7595108b-553d-3126-385e-30133180c720,8,1.059754858026281,22948507136,23811063808,0,0,0
1,0,2048,False,0,0,GPU-7595108b-553d-3126-385e-30133180c720,9,1.0765554609242827,22948507136,23811063808,0,0,0
1,0,2048,False,0,0,GPU-7595108b-553d-3126-385e-30133180c720,10,1.0382274840958416,22948507136,23811063808,0,0,0
1,0,2048,False,0,0,GPU-7595108b-553d-3126-385e-30133180c720,11,1.0252101579681039,22948507136,23811063808,0,0,0
1,0,2048,False,0,0,GPU-7595108b-553d-3126-385e-30133180c720,12,1.0428667471278459,22948507136,23811063808,0,0,0
1,0,2048,False,0,0.5,GPU-7595108b-553d-3126-385e-30133180c720,3,0.9764187480323017,22684265984,24104665088,36,1056964608,264241152
1,0,2048,False,0,0.5,GPU-7595108b-553d-3126-385e-30133180c720,4,0.9868485759943724,22684265984,24104665088,36,1056964608,264241152
1,0,2048,False,0,0.5,GPU-7595108b-553d-3126-385e-30133180c720,5,1.017424623016268,22684265984,24104665088,36,1056964608,264241152
1,0,2048,False,0,0.5,GPU-7595108b-553d-3126-385e-30133180c720,6,1.0383916988503188,22684265984,24104665088,36,1056964608,264241152
1,0,2048,False,0,0.5,GPU-7595108b-553d-3126-385e-30133180c720,7,1.0644060058984905,22684265984,24104665088,36,1056964608,264241152
1,0,2048,False,0,0.5,GPU-7595108b-553d-3126-385e-30133180c720,8,1.1264054579660296,22684265984,24104665088,36,1056964608,264241152
1,0,2048,False,0,0.5,GPU-7595108b-553d-3126-385e-30133180c720,9,1.0870337861124426,22684265984,24104665088,36,1056964608,264241152
1,0,2048,False,0,0.5,GPU-7595108b-553d-3126-385e-30133180c720,10,1.0530750290490687,22684265984,24104665088,36,1056964608,264241152
1,0,2048,False,0,0.5,GPU-7595108b-553d-3126-385e-30133180c720,11,0.9955353159457445,22684265984,24104665088,36,1056964608,264241152
1,0,2048,False,0,0.5,GPU-7595108b-553d-3126-385e-30133180c720,12,0.9823249028995633,22684265984,24104665088,36,1056964608,264241152
1,0,2048,False,0,1,GPU-7595108b-553d-3126-385e-30133180c720,3,1.1928711759392172,22449516032,22909288448,71,2084569088,499122176
1,0,2048,False,0,1,GPU-7595108b-553d-3126-385e-30133180c720,4,1.0984059281181544,22449516032,22909288448,71,2084569088,499122176
1,0,2048,False,0,1,GPU-7595108b-553d-3126-385e-30133180c720,5,1.0606562851462513,22449516032,22909288448,71,2084569088,499122176
1,0,2048,False,0,1,GPU-7595108b-553d-3126-385e-30133180c720,6,1.0765828809235245,22449516032,22909288448,71,2084569088,499122176
1,0,2048,False,0,1,GPU-7595108b-553d-3126-385e-30133180c720,7,1.079965592129156,22449516032,22909288448,71,2084569088,499122176
1,0,2048,False,0,1,GPU-7595108b-553d-3126-385e-30133180c720,8,1.0668359419796616,22449516032,22909288448,71,2084569088,499122176
1,0,2048,False,0,1,GPU-7595108b-553d-3126-385e-30133180c720,9,1.1001168319489807,22449516032,22909288448,71,2084569088,499122176
1,0,2048,False,0,1,GPU-7595108b-553d-3126-385e-30133180c720,10,1.1213981569744647,22449516032,22909288448,71,2084569088,499122176
1,0,2048,False,0,1,GPU-7595108b-553d-3126-385e-30133180c720,11,1.0894667459651828,22449516032,22909288448,71,2084569088,499122176
1,0,2048,False,0,1,GPU-7595108b-553d-3126-385e-30133180c720,12,1.0864025009796023,22449516032,22909288448,71,2084569088,499122176
1,0,2048,False,1,disabled,GPU-7595108b-553d-3126-385e-30133180c720,3,1.210695011075586,22949555200,23362273280,0,0,0
1,0,2048,False,1,disabled,GPU-7595108b-553d-3126-385e-30133180c720,4,1.0995573201216757,22949555200,23362273280,0,0,0
1,0,2048,False,1,disabled,GPU-7595108b-553d-3126-385e-30133180c720,5,0.9957111731637269,22949555200,23362273280,0,0,0
1,0,2048,False,1,disabled,GPU-7595108b-553d-3126-385e-30133180c720,6,1.0526162448804826,22949555200,23362273280,0,0,0
1,0,2048,False,1,disabled,GPU-7595108b-553d-3126-385e-30133180c720,7,1.1501840569544584,22949555200,23362273280,0,0,0
1,0,2048,False,1,disabled,GPU-7595108b-553d-3126-385e-30133180c720,8,1.1097741560079157,22949555200,23362273280,0,0,0
1,0,2048,False,1,disabled,GPU-7595108b-553d-3126-385e-30133180c720,9,1.1275913179852068,22949555200,23362273280,0,0,0
1,0,2048,False,1,disabled,GPU-7595108b-553d-3126-385e-30133180c720,10,1.0426081148907542,22949555200,23362273280,0,0,0
1,0,2048,False,1,disabled,GPU-7595108b-553d-3126-385e-30133180c720,11,0.9678741411771625,22949555200,23362273280,0,0,0
1,0,2048,False,1,disabled,GPU-7595108b-553d-3126-385e-30133180c720,12,1.076011343859136,22949555200,23362273280,0,0,0
1,0,2048,False,1,0,GPU-7595108b-553d-3126-385e-30133180c720,3,1.0272105110343546,22948507136,23811063808,0,0,0
1,0,2048,False,1,0,GPU-7595108b-553d-3126-385e-30133180c720,4,0.9426987760234624,22948507136,23811063808,0,0,0
1,0,2048,False,1,0,GPU-7595108b-553d-3126-385e-30133180c720,5,1.0154022050555795,22948507136,23811063808,0,0,0
1,0,2048,False,1,0,GPU-7595108b-553d-3126-385e-30133180c720,6,0.8963777178432792,22948507136,23811063808,0,0,0
1,0,2048,False,1,0,GPU-7595108b-553d-3126-385e-30133180c720,7,0.9207299179397523,22948507136,23811063808,0,0,0
1,0,2048,False,1,0,GPU-7595108b-553d-3126-385e-30133180c720,8,0.9802187690511346,22948507136,23811063808,0,0,0
1,0,2048,False,1,0,GPU-7595108b-553d-3126-385e-30133180c720,9,0.9880071829538792,22948507136,23811063808,0,0,0
1,0,2048,False,1,0,GPU-7595108b-553d-3126-385e-30133180c720,10,1.0137571981176734,22948507136,23811063808,0,0,0
1,0,2048,False,1,0,GPU-7595108b-553d-3126-385e-30133180c720,11,0.9030703781172633,22948507136,23811063808,0,0,0
1,0,2048,False,1,0,GPU-7595108b-553d-3126-385e-30133180c720,12,0.9522747588343918,22948507136,23811063808,0,0,0
1,0,2048,False,1,0.5,GPU-7595108b-553d-3126-385e-30133180c720,3,1.0621051262132823,22684003840,23412604928,36,1056964608,264241152
1,0,2048,False,1,0.5,GPU-7595108b-553d-3126-385e-30133180c720,4,1.0562207368202507,22684003840,23412604928,36,1056964608,264241152
1,0,2048,False,1,0.5,GPU-7595108b-553d-3126-385e-30133180c720,5,1.058323547942564,22684003840,23412604928,36,1056964608,264241152
1,0,2048,False,1,0.5,GPU-7595108b-553d-3126-385e-30133180c720,6,1.0784262767992914,22684003840,23412604928,36,1056964608,264241152
1,0,2048,False,1,0.5,GPU-7595108b-553d-3126-385e-30133180c720,7,1.16351578803733,22684003840,23412604928,36,1056964608,264241152
1,0,2048,False,1,0.5,GPU-7595108b-553d-3126-385e-30133180c720,8,1.0384602129925042,22684003840,23412604928,36,1056964608,264241152
1,0,2048,False,1,0.5,GPU-7595108b-553d-3126-385e-30133180c720,9,1.0428553509991616,22684003840,23412604928,36,1056964608,264241152
1,0,2048,False,1,0.5,GPU-7595108b-553d-3126-385e-30133180c720,10,1.0383973000571132,22684003840,23412604928,36,1056964608,264241152
1,0,2048,False,1,0.5,GPU-7595108b-553d-3126-385e-30133180c720,11,1.0249562391545624,22684003840,23412604928,36,1056964608,264241152
1,0,2048,False,1,0.5,GPU-7595108b-553d-3126-385e-30133180c720,12,1.0879794082138687,22684003840,23412604928,36,1056964608,264241152
1,0,2048,False,1,1,GPU-7595108b-553d-3126-385e-30133180c720,3,0.9701980028767139,22449384960,23853006848,71,2084569088,499122176
1,0,2048,False,1,1,GPU-7595108b-553d-3126-385e-30133180c720,4,0.9926311890594661,22450302464,23853006848,71,2084569088,499122176
1,0,2048,False,1,1,GPU-7595108b-553d-3126-385e-30133180c720,5,0.9845148730091751,22450433536,23853006848,71,2084569088,499122176
1,0,2048,False,1,1,GPU-7595108b-553d-3126-385e-30133180c720,6,1.066396129084751,22450432512,23853006848,71,2084569088,499122176
1,0,2048,False,1,1,GPU-7595108b-553d-3126-385e-30133180c720,7,0.9711180520243943,22450432512,23853006848,71,2084569088,499122176
1,0,2048,False,1,1,GPU-7595108b-553d-3126-385e-30133180c720,8,0.9825718950014561,22450433536,23853006848,71,2084569088,499122176
1,0,2048,False,1,1,GPU-7595108b-553d-3126-385e-30133180c720,9,1.0192001829855144,22449384960,23853006848,71,2084569088,499122176
1,0,2048,False,1,1,GPU-7595108b-553d-3126-385e-30133180c720,10,0.9833218038547784,22450302464,23853006848,71,2084569088,499122176
1,0,2048,False,1,1,GPU-7595108b-553d-3126-385e-30133180c720,11,0.9659834948834032,22450433536,23853006848,71,2084569088,499122176
1,0,2048,False,1,1,GPU-7595108b-553d-3126-385e-30133180c720,12,0.9414169781375676,22450433536,23853006848,71,2084569088,499122176
1,0,2048,False,2,disabled,GPU-7595108b-553d-3126-385e-30133180c720,3,1.0380630309227854,22949555200,23362273280,0,0,0
1,0,2048,False,2,disabled,GPU-7595108b-553d-3126-385e-30133180c720,4,0.9863534700125456,22949555200,23362273280,0,0,0
1,0,2048,False,2,disabled,GPU-7595108b-553d-3126-385e-30133180c720,5,1.0151045790407807,22949555200,23362273280,0,0,0
1,0,2048,False,2,disabled,GPU-7595108b-553d-3126-385e-30133180c720,6,0.9795897158328444,22949555200,23362273280,0,0,0
1,0,2048,False,2,disabled,GPU-7595108b-553d-3126-385e-30133180c720,7,0.9787756379228085,22949555200,23362273280,0,0,0
1,0,2048,False,2,disabled,GPU-7595108b-553d-3126-385e-30133180c720,8,0.9482142438646406,22949555200,23362273280,0,0,0
1,0,2048,False,2,disabled,GPU-7595108b-553d-3126-385e-30133180c720,9,1.000800000037998,22949555200,23362273280,0,0,0
1,0,2048,False,2,disabled,GPU-7595108b-553d-3126-385e-30133180c720,10,1.0003502659965307,22949555200,23362273280,0,0,0
1,0,2048,False,2,disabled,GPU-7595108b-553d-3126-385e-30133180c720,11,0.9669454349204898,22949555200,23362273280,0,0,0
1,0,2048,False,2,disabled,GPU-7595108b-553d-3126-385e-30133180c720,12,0.9179559249896556,22949555200,23362273280,0,0,0
1,0,2048,False,2,0,GPU-7595108b-553d-3126-385e-30133180c720,3,1.0340588819235563,22948507136,23811063808,0,0,0
1,0,2048,False,2,0,GPU-7595108b-553d-3126-385e-30133180c720,4,0.9983907470013946,22948507136,23811063808,0,0,0
1,0,2048,False,2,0,GPU-7595108b-553d-3126-385e-30133180c720,5,1.0130271550733596,22948507136,23811063808,0,0,0
1,0,2048,False,2,0,GPU-7595108b-553d-3126-385e-30133180c720,6,0.986354251857847,22948507136,23811063808,0,0,0
1,0,2048,False,2,0,GPU-7595108b-553d-3126-385e-30133180c720,7,0.9630020940676332,22948507136,23811063808,0,0,0
1,0,2048,False,2,0,GPU-7595108b-553d-3126-385e-30133180c720,8,1.0435234089381993,22948507136,23811063808,0,0,0
1,0,2048,False,2,0,GPU-7595108b-553d-3126-385e-30133180c720,9,0.9777273880317807,22948507136,23811063808,0,0,0
1,0,2048,False,2,0,GPU-7595108b-553d-3126-385e-30133180c720,10,1.077907338971272,22948507136,23811063808,0,0,0
1,0,2048,False,2,0,GPU-7595108b-553d-3126-385e-30133180c720,11,0.9599243788979948,22948507136,23811063808,0,0,0
1,0,2048,False,2,0,GPU-7595108b-553d-3126-385e-30133180c720,12,1.0826639330480248,22948507136,23811063808,0,0,0
1,0,2048,False,2,0.5,GPU-7595108b-553d-3126-385e-30133180c720,3,1.013571972027421,22684265984,24104665088,36,1056964608,264241152
1,0,2048,False,2,0.5,GPU-7595108b-553d-3126-385e-30133180c720,4,1.0207837750203907,22684265984,24104665088,36,1056964608,264241152
1,0,2048,False,2,0.5,GPU-7595108b-553d-3126-385e-30133180c720,5,0.9675748660229146,22684265984,24104665088,36,1056964608,264241152
1,0,2048,False,2,0.5,GPU-7595108b-553d-3126-385e-30133180c720,6,1.0111697120591998,22684265984,24104665088,36,1056964608,264241152
1,0,2048,False,2,0.5,GPU-7595108b-553d-3126-385e-30133180c720,7,1.0118199498392642,22684265984,24104665088,36,1056964608,264241152
1,0,2048,False,2,0.5,GPU-7595108b-553d-3126-385e-30133180c720,8,0.9494750620797276,22684265984,24104665088,36,1056964608,264241152
1,0,2048,False,2,0.5,GPU-7595108b-553d-3126-385e-30133180c720,9,0.9202375940512866,22685182464,24104665088,36,1056964608,264241152
1,0,2048,False,2,0.5,GPU-7595108b-553d-3126-385e-30133180c720,10,0.9906578978989273,22684265984,24104665088,36,1056964608,264241152
1,0,2048,False,2,0.5,GPU-7595108b-553d-3126-385e-30133180c720,11,1.0330727759283036,22684265984,24104665088,36,1056964608,264241152
1,0,2048,False,2,0.5,GPU-7595108b-553d-3126-385e-30133180c720,12,1.0443436671048403,22684265984,24104665088,36,1056964608,264241152
1,0,2048,False,2,1,GPU-7595108b-553d-3126-385e-30133180c720,3,1.0506413909606636,22449122816,22928162816,71,2084569088,499122176
1,0,2048,False,2,1,GPU-7595108b-553d-3126-385e-30133180c720,4,0.9987119620200247,22449122816,22928162816,71,2084569088,499122176
1,0,2048,False,2,1,GPU-7595108b-553d-3126-385e-30133180c720,5,0.9720702120102942,22449647104,22928162816,71,2084569088,499122176
1,0,2048,False,2,1,GPU-7595108b-553d-3126-385e-30133180c720,6,0.9837636260781437,22449647104,22928162816,71,2084569088,499122176
1,0,2048,False,2,1,GPU-7595108b-553d-3126-385e-30133180c720,7,0.9967341939918697,22450170880,22928162816,71,2084569088,499122176
1,0,2048,False,2,1,GPU-7595108b-553d-3126-385e-30133180c720,8,1.1025476651266217,22449646080,22928162816,71,2084569088,499122176
1,0,2048,False,2,1,GPU-7595108b-553d-3126-385e-30133180c720,9,1.1012597079388797,22449646592,22928162816,71,2084569088,499122176
1,0,2048,False,2,1,GPU-7595108b-553d-3126-385e-30133180c720,10,1.0372778349556029,22449646592,22928162816,71,2084569088,499122176
1,0,2048,False,2,1,GPU-7595108b-553d-3126-385e-30133180c720,11,1.0578008159063756,22449647104,22928162816,71,2084569088,499122176
1,0,2048,False,2,1,GPU-7595108b-553d-3126-385e-30133180c720,12,1.1108934960793704,22449646592,22928162816,71,2084569088,499122176
1,0,4096,False,0,disabled,GPU-7595108b-553d-3126-385e-30133180c720,3,1.6945926980115473,33134130176,36024877056,0,0,0
1,0,4096,False,0,disabled,GPU-7595108b-553d-3126-385e-30133180c720,4,1.6850659458432347,33134130176,36024877056,0,0,0
1,0,4096,False,0,disabled,GPU-7595108b-553d-3126-385e-30133180c720,5,1.6856767309363931,33134130176,36024877056,0,0,0
1,0,4096,False,0,disabled,GPU-7595108b-553d-3126-385e-30133180c720,6,1.6871430568862706,33134130176,36024877056,0,0,0
1,0,4096,False,0,disabled,GPU-7595108b-553d-3126-385e-30133180c720,7,1.6861813650466502,33134130176,36024877056,0,0,0
1,0,4096,False,0,disabled,GPU-7595108b-553d-3126-385e-30133180c720,8,1.6884756989311427,33134130176,36024877056,0,0,0
1,0,4096,False,0,disabled,GPU-7595108b-553d-3126-385e-30133180c720,9,1.6881278979126364,33134130176,36024877056,0,0,0
1,0,4096,False,0,disabled,GPU-7595108b-553d-3126-385e-30133180c720,10,1.688877338077873,33134130176,36024877056,0,0,0
1,0,4096,False,0,disabled,GPU-7595108b-553d-3126-385e-30133180c720,11,1.6956371269188821,33134130176,36024877056,0,0,0
1,0,4096,False,0,disabled,GPU-7595108b-553d-3126-385e-30133180c720,12,1.6935769100673497,33134130176,36024877056,0,0,0
1,0,4096,False,0,0,GPU-7595108b-553d-3126-385e-30133180c720,3,1.679535498144105,33134130688,34869346304,0,0,0
1,0,4096,False,0,0,GPU-7595108b-553d-3126-385e-30133180c720,4,1.6890863988082856,33134130688,34869346304,0,0,0
1,0,4096,False,0,0,GPU-7595108b-553d-3126-385e-30133180c720,5,1.689813518896699,33134130688,34869346304,0,0,0
1,0,4096,False,0,0,GPU-7595108b-553d-3126-385e-30133180c720,6,1.6903070260304958,33134130688,34869346304,0,0,0
1,0,4096,False,0,0,GPU-7595108b-553d-3126-385e-30133180c720,7,1.6918289919849485,33134130688,34869346304,0,0,0
1,0,4096,False,0,0,GPU-7595108b-553d-3126-385e-30133180c720,8,1.6910365980584174,33134130688,34869346304,0,0,0
1,0,4096,False,0,0,GPU-7595108b-553d-3126-385e-30133180c720,9,1.6928790698293597,33134130688,34869346304,0,0,0
1,0,4096,False,0,0,GPU-7595108b-553d-3126-385e-30133180c720,10,1.6925633300561458,33134130688,34869346304,0,0,0
1,0,4096,False,0,0,GPU-7595108b-553d-3126-385e-30133180c720,11,1.6905047500040382,33134130688,34869346304,0,0,0
1,0,4096,False,0,0,GPU-7595108b-553d-3126-385e-30133180c720,12,1.6933638488408178,33134130688,34869346304,0,0,0
1,0,4096,False,0,0.5,GPU-7595108b-553d-3126-385e-30133180c720,3,1.6911644809879363,32605648384,35427188736,36,2113929216,528482304
1,0,4096,False,0,0.5,GPU-7595108b-553d-3126-385e-30133180c720,4,1.702399920905009,32605648384,35427188736,36,2113929216,528482304
1,0,4096,False,0,0.5,GPU-7595108b-553d-3126-385e-30133180c720,5,1.7021398099604994,32605648384,35427188736,36,2113929216,528482304
1,0,4096,False,0,0.5,GPU-7595108b-553d-3126-385e-30133180c720,6,1.6938260321039706,32605648384,35427188736,36,2113929216,528482304
1,0,4096,False,0,0.5,GPU-7595108b-553d-3126-385e-30133180c720,7,1.6933357128873467,32605648384,35427188736,36,2113929216,528482304
1,0,4096,False,0,0.5,GPU-7595108b-553d-3126-385e-30133180c720,8,1.696130869910121,32605648384,35427188736,36,2113929216,528482304
1,0,4096,False,0,0.5,GPU-7595108b-553d-3126-385e-30133180c720,9,1.6954570459201932,32605648384,35427188736,36,2113929216,528482304
1,0,4096,False,0,0.5,GPU-7595108b-553d-3126-385e-30133180c720,10,1.7030776618048549,32605648384,35427188736,36,2113929216,528482304
1,0,4096,False,0,0.5,GPU-7595108b-553d-3126-385e-30133180c720,11,1.7062156239990145,32605648384,35427188736,36,2113929216,528482304
1,0,4096,False,0,0.5,GPU-7595108b-553d-3126-385e-30133180c720,12,1.6995339670684189,32605648384,35427188736,36,2113929216,528482304
1,0,4096,False,0,1,GPU-7595108b-553d-3126-385e-30133180c720,3,1.710989183979109,32135886336,34940649472,71,4169138176,998244352
1,0,4096,False,0,1,GPU-7595108b-553d-3126-385e-30133180c720,4,1.7152051159646362,32135886336,34940649472,71,4169138176,998244352
1,0,4096,False,0,1,GPU-7595108b-553d-3126-385e-30133180c720,5,1.714737256988883,32135886336,34940649472,71,4169138176,998244352
1,0,4096,False,0,1,GPU-7595108b-553d-3126-385e-30133180c720,6,1.7078980680089444,32135886336,34940649472,71,4169138176,998244352
1,0,4096,False,0,1,GPU-7595108b-553d-3126-385e-30133180c720,7,1.7108512548729777,32135886336,34940649472,71,4169138176,998244352
1,0,4096,False,0,1,GPU-7595108b-553d-3126-385e-30133180c720,8,1.7214400400407612,32135886336,34940649472,71,4169138176,998244352
1,0,4096,False,0,1,GPU-7595108b-553d-3126-385e-30133180c720,9,1.7106276089325547,32135886336,34940649472,71,4169138176,998244352
1,0,4096,False,0,1,GPU-7595108b-553d-3126-385e-30133180c720,10,1.7175661651417613,32135886336,34940649472,71,4169138176,998244352
1,0,4096,False,0,1,GPU-7595108b-553d-3126-385e-30133180c720,11,1.716891247080639,32135886336,34940649472,71,4169138176,998244352
1,0,4096,False,0,1,GPU-7595108b-553d-3126-385e-30133180c720,12,1.7159124771133065,32135886336,34940649472,71,4169138176,998244352
1,0,4096,False,1,disabled,GPU-7595108b-553d-3126-385e-30133180c720,3,1.6897564029786736,33134130176,36024877056,0,0,0
1,0,4096,False,1,disabled,GPU-7595108b-553d-3126-385e-30133180c720,4,1.6876504158135504,33134130176,36024877056,0,0,0
1,0,4096,False,1,disabled,GPU-7595108b-553d-3126-385e-30133180c720,5,1.6901077900547534,33134130176,36024877056,0,0,0
1,0,4096,False,1,disabled,GPU-7595108b-553d-3126-385e-30133180c720,6,1.6903634949121624,33134130176,36024877056,0,0,0
1,0,4096,False,1,disabled,GPU-7595108b-553d-3126-385e-30133180c720,7,1.6923230348620564,33134130176,36024877056,0,0,0
1,0,4096,False,1,disabled,GPU-7595108b-553d-3126-385e-30133180c720,8,1.693490852136165,33134130176,36024877056,0,0,0
1,0,4096,False,1,disabled,GPU-7595108b-553d-3126-385e-30133180c720,9,1.6939238768536597,33134130176,36024877056,0,0,0
1,0,4096,False,1,disabled,GPU-7595108b-553d-3126-385e-30133180c720,10,1.6912567138206214,33134130176,36024877056,0,0,0
1,0,4096,False,1,disabled,GPU-7595108b-553d-3126-385e-30133180c720,11,1.6851124970708042,33134130176,36024877056,0,0,0
1,0,4096,False,1,disabled,GPU-7595108b-553d-3126-385e-30133180c720,12,1.6935689758975059,33134130176,36024877056,0,0,0
1,0,4096,False,1,0,GPU-7595108b-553d-3126-385e-30133180c720,3,1.6985669240821153,33134130688,34869346304,0,0,0
1,0,4096,False,1,0,GPU-7595108b-553d-3126-385e-30133180c720,4,1.685628907987848,33134130688,34869346304,0,0,0
1,0,4096,False,1,0,GPU-7595108b-553d-3126-385e-30133180c720,5,1.6892705438658595,33134130688,34869346304,0,0,0
1,0,4096,False,1,0,GPU-7595108b-553d-3126-385e-30133180c720,6,1.6898275569546968,33134130688,34869346304,0,0,0
1,0,4096,False,1,0,GPU-7595108b-553d-3126-385e-30133180c720,7,1.68900182005018,33134130688,34869346304,0,0,0
1,0,4096,False,1,0,GPU-7595108b-553d-3126-385e-30133180c720,8,1.692942560184747,33134130688,34869346304,0,0,0
1,0,4096,False,1,0,GPU-7595108b-553d-3126-385e-30133180c720,9,1.6922501048538834,33134130688,34869346304,0,0,0
1,0,4096,False,1,0,GPU-7595108b-553d-3126-385e-30133180c720,10,1.6901553699281067,33134130688,34869346304,0,0,0
1,0,4096,False,1,0,GPU-7595108b-553d-3126-385e-30133180c720,11,1.691023088991642,33134130688,34869346304,0,0,0
1,0,4096,False,1,0,GPU-7595108b-553d-3126-385e-30133180c720,12,1.6903081671334803,33134130688,34869346304,0,0,0
1,0,4096,False,1,0.5,GPU-7595108b-553d-3126-385e-30133180c720,3,1.7123582249041647,32605648384,35427188736,36,2113929216,528482304
1,0,4096,False,1,0.5,GPU-7595108b-553d-3126-385e-30133180c720,4,1.7111745099537075,32605648384,35427188736,36,2113929216,528482304
1,0,4096,False,1,0.5,GPU-7595108b-553d-3126-385e-30133180c720,5,1.7123799500986934,32605648384,35427188736,36,2113929216,528482304
1,0,4096,False,1,0.5,GPU-7595108b-553d-3126-385e-30133180c720,6,1.7105566509999335,32605648384,35427188736,36,2113929216,528482304
1,0,4096,False,1,0.5,GPU-7595108b-553d-3126-385e-30133180c720,7,1.7130218399688601,32605648384,35427188736,36,2113929216,528482304
1,0,4096,False,1,0.5,GPU-7595108b-553d-3126-385e-30133180c720,8,1.706180799053982,32605648384,35427188736,36,2113929216,528482304
1,0,4096,False,1,0.5,GPU-7595108b-553d-3126-385e-30133180c720,9,1.705082402098924,32605648384,35427188736,36,2113929216,528482304
1,0,4096,False,1,0.5,GPU-7595108b-553d-3126-385e-30133180c720,10,1.7041440610773861,32605648384,35427188736,36,2113929216,528482304
1,0,4096,False,1,0.5,GPU-7595108b-553d-3126-385e-30133180c720,11,1.6968931150622666,32605648384,35427188736,36,2113929216,528482304
1,0,4096,False,1,0.5,GPU-7595108b-553d-3126-385e-30133180c720,12,1.6978381539229304,32605648384,35427188736,36,2113929216,528482304
1,0,4096,False,1,1,GPU-7595108b-553d-3126-385e-30133180c720,3,1.7304544718936086,32135886336,34940649472,71,4169138176,998244352
1,0,4096,False,1,1,GPU-7595108b-553d-3126-385e-30133180c720,4,1.7249482469633222,32135886336,34940649472,71,4169138176,998244352
1,0,4096,False,1,1,GPU-7595108b-553d-3126-385e-30133180c720,5,1.7575868319254369,32135886336,34940649472,71,4169138176,998244352
1,0,4096,False,1,1,GPU-7595108b-553d-3126-385e-30133180c720,6,1.7294570680242032,32135886336,34940649472,71,4169138176,998244352
1,0,4096,False,1,1,GPU-7595108b-553d-3126-385e-30133180c720,7,1.7176312301307917,32135886336,34940649472,71,4169138176,998244352
1,0,4096,False,1,1,GPU-7595108b-553d-3126-385e-30133180c720,8,1.724758995929733,32135886336,34940649472,71,4169138176,998244352
1,0,4096,False,1,1,GPU-7595108b-553d-3126-385e-30133180c720,9,1.722966143162921,32135886336,34940649472,71,4169138176,998244352
1,0,4096,False,1,1,GPU-7595108b-553d-3126-385e-30133180c720,10,1.7231486530508846,32135886336,34940649472,71,4169138176,998244352
1,0,4096,False,1,1,GPU-7595108b-553d-3126-385e-30133180c720,11,1.7226492560002953,32135886336,34940649472,71,4169138176,998244352
1,0,4096,False,1,1,GPU-7595108b-553d-3126-385e-30133180c720,12,1.7352623569313437,32135886336,34940649472,71,4169138176,998244352
1,0,4096,False,2,disabled,GPU-7595108b-553d-3126-385e-30133180c720,3,1.6871949410997331,33134130176,36024877056,0,0,0
1,0,4096,False,2,disabled,GPU-7595108b-553d-3126-385e-30133180c720,4,1.7063102680258453,33134130176,36024877056,0,0,0
1,0,4096,False,2,disabled,GPU-7595108b-553d-3126-385e-30133180c720,5,1.6880419091321528,33134130176,36024877056,0,0,0
1,0,4096,False,2,disabled,GPU-7595108b-553d-3126-385e-30133180c720,6,1.6906579360365868,33134130176,36024877056,0,0,0
1,0,4096,False,2,disabled,GPU-7595108b-553d-3126-385e-30133180c720,7,1.6914637479931116,33134130176,36024877056,0,0,0
1,0,4096,False,2,disabled,GPU-7595108b-553d-3126-385e-30133180c720,8,1.695525118149817,33134130176,36024877056,0,0,0
1,0,4096,False,2,disabled,GPU-7595108b-553d-3126-385e-30133180c720,9,1.6931410778779536,33134130176,36024877056,0,0,0
1,0,4096,False,2,disabled,GPU-7595108b-553d-3126-385e-30133180c720,10,1.6930081569589674,33134130176,36024877056,0,0,0
1,0,4096,False,2,disabled,GPU-7595108b-553d-3126-385e-30133180c720,11,1.69887168193236,33134130176,36024877056,0,0,0
1,0,4096,False,2,disabled,GPU-7595108b-553d-3126-385e-30133180c720,12,1.6959872860461473,33134130176,36024877056,0,0,0
1,0,4096,False,2,0,GPU-7595108b-553d-3126-385e-30133180c720,3,1.6849832250736654,33134130688,34869346304,0,0,0
1,0,4096,False,2,0,GPU-7595108b-553d-3126-385e-30133180c720,4,1.6878330011386424,33134130688,34869346304,0,0,0
1,0,4096,False,2,0,GPU-7595108b-553d-3126-385e-30133180c720,5,1.6884056420531124,33134130688,34869346304,0,0,0
1,0,4096,False,2,0,GPU-7595108b-553d-3126-385e-30133180c720,6,1.6915894530247897,33134130688,34869346304,0,0,0
1,0,4096,False,2,0,GPU-7595108b-553d-3126-385e-30133180c720,7,1.690403597895056,33134130688,34869346304,0,0,0
1,0,4096,False,2,0,GPU-7595108b-553d-3126-385e-30133180c720,8,1.690151350107044,33134130688,34869346304,0,0,0
1,0,4096,False,2,0,GPU-7595108b-553d-3126-385e-30133180c720,9,1.6917396110948175,33134130688,34869346304,0,0,0
1,0,4096,False,2,0,GPU-7595108b-553d-3126-385e-30133180c720,10,1.6935434308834374,33134130688,34869346304,0,0,0
1,0,4096,False,2,0,GPU-7595108b-553d-3126-385e-30133180c720,11,1.6935248780064285,33134130688,34869346304,0,0,0
1,0,4096,False,2,0,GPU-7595108b-553d-3126-385e-30133180c720,12,1.693014700897038,33134130688,34869346304,0,0,0
1,0,4096,False,2,0.5,GPU-7595108b-553d-3126-385e-30133180c720,3,1.6994022689759731,32605648384,35427188736,36,2113929216,528482304
1,0,4096,False,2,0.5,GPU-7595108b-553d-3126-385e-30133180c720,4,1.708935682894662,32605648384,35427188736,36,2113929216,528482304
1,0,4096,False,2,0.5,GPU-7595108b-553d-3126-385e-30133180c720,5,1.7160489899106324,32605648384,35427188736,36,2113929216,528482304
1,0,4096,False,2,0.5,GPU-7595108b-553d-3126-385e-30133180c720,6,1.7225347149651498,32605648384,35427188736,36,2113929216,528482304
1,0,4096,False,2,0.5,GPU-7595108b-553d-3126-385e-30133180c720,7,1.7083434609230608,32605648384,35427188736,36,2113929216,528482304
1,0,4096,False,2,0.5,GPU-7595108b-553d-3126-385e-30133180c720,8,1.7090496220625937,32605648384,35427188736,36,2113929216,528482304
1,0,4096,False,2,0.5,GPU-7595108b-553d-3126-385e-30133180c720,9,1.711658449145034,32605648384,35427188736,36,2113929216,528482304
1,0,4096,False,2,0.5,GPU-7595108b-553d-3126-385e-30133180c720,10,1.7394746989011765,32605648384,35427188736,36,2113929216,528482304
1,0,4096,False,2,0.5,GPU-7595108b-553d-3126-385e-30133180c720,11,1.71281878487207,32605648384,35427188736,36,2113929216,528482304
1,0,4096,False,2,0.5,GPU-7595108b-553d-3126-385e-30133180c720,12,1.7115156562067568,32605648384,35427188736,36,2113929216,528482304
1,0,4096,False,2,1,GPU-7595108b-553d-3126-385e-30133180c720,3,1.7289444338530302,32135886336,34940649472,71,4169138176,998244352
1,0,4096,False,2,1,GPU-7595108b-553d-3126-385e-30133180c720,4,1.7482650461606681,32135886336,34940649472,71,4169138176,998244352
1,0,4096,False,2,1,GPU-7595108b-553d-3126-385e-30133180c720,5,1.7367752129212022,32135886336,34940649472,71,4169138176,998244352
1,0,4096,False,2,1,GPU-7595108b-553d-3126-385e-30133180c720,6,1.7307191230356693,32135886336,34940649472,71,4169138176,998244352
1,0,4096,False,2,1,GPU-7595108b-553d-3126-385e-30133180c720,7,1.713287069927901,32135886336,34940649472,71,4169138176,998244352
1,0,4096,False,2,1,GPU-7595108b-553d-3126-385e-30133180c720,8,1.7181960879825056,32135886336,34940649472,71,4169138176,998244352
1,0,4096,False,2,1,GPU-7595108b-553d-3126-385e-30133180c720,9,1.7162313861772418,32135886336,34940649472,71,4169138176,998244352
1,0,4096,False,2,1,GPU-7595108b-553d-3126-385e-30133180c720,10,1.7161380539182574,32135886336,34940649472,71,4169138176,998244352
1,0,4096,False,2,1,GPU-7595108b-553d-3126-385e-30133180c720,11,1.7207455250900239,32135886336,34940649472,71,4169138176,998244352
1,0,4096,False,2,1,GPU-7595108b-553d-3126-385e-30133180c720,12,1.716740135801956,32135886336,34940649472,71,4169138176,998244352
1,0,2048,True,0,disabled,GPU-5e2e1f94-e88e-48e3-247d-328b52fc68db,3,0.9512489638291299,22645337088,23068672000,0,0,0
1,0,2048,True,0,disabled,GPU-5e2e1f94-e88e-48e3-247d-328b52fc68db,4,0.9885083220433444,22645337088,23068672000,0,0,0
1,0,2048,True,0,disabled,GPU-5e2e1f94-e88e-48e3-247d-328b52fc68db,5,0.9585386510007083,22645337088,23068672000,0,0,0
1,0,2048,True,0,disabled,GPU-5e2e1f94-e88e-48e3-247d-328b52fc68db,6,0.9935197948943824,22645337088,23068672000,0,0,0
1,0,2048,True,0,disabled,GPU-5e2e1f94-e88e-48e3-247d-328b52fc68db,7,0.940683504100889,22645337088,23068672000,0,0,0
1,0,2048,True,0,disabled,GPU-5e2e1f94-e88e-48e3-247d-328b52fc68db,8,0.9957529348321259,22645337088,23068672000,0,0,0
1,0,2048,True,0,disabled,GPU-5e2e1f94-e88e-48e3-247d-328b52fc68db,9,0.9817301048897207,22645337088,23068672000,0,0,0
1,0,2048,True,0,disabled,GPU-5e2e1f94-e88e-48e3-247d-328b52fc68db,10,0.9731738360133022,22645337088,23068672000,0,0,0
1,0,2048,True,0,disabled,GPU-5e2e1f94-e88e-48e3-247d-328b52fc68db,11,1.0025573601014912,22645337088,23068672000,0,0,0
1,0,2048,True,0,disabled,GPU-5e2e1f94-e88e-48e3-247d-328b52fc68db,12,1.0099820499308407,22645337088,23068672000,0,0,0
1,0,2048,True,0,0,GPU-5e2e1f94-e88e-48e3-247d-328b52fc68db,3,1.0481257250066847,22645075456,23502782464,0,0,0
1,0,2048,True,0,0,GPU-5e2e1f94-e88e-48e3-247d-328b52fc68db,4,1.1185578790027648,22645075456,23502782464,0,0,0
1,0,2048,True,0,0,GPU-5e2e1f94-e88e-48e3-247d-328b52fc68db,5,1.0298914939630777,22645075456,23502782464,0,0,0
1,0,2048,True,0,0,GPU-5e2e1f94-e88e-48e3-247d-328b52fc68db,6,1.04582309583202,22645075456,23502782464,0,0,0
1,0,2048,True,0,0,GPU-5e2e1f94-e88e-48e3-247d-328b52fc68db,7,0.9881826948840171,22645075456,23502782464,0,0,0
1,0,2048,True,0,0,GPU-5e2e1f94-e88e-48e3-247d-328b52fc68db,8,1.0204003669787198,22645075456,23502782464,0,0,0
1,0,2048,True,0,0,GPU-5e2e1f94-e88e-48e3-247d-328b52fc68db,9,1.0459967399947345,22645075456,23502782464,0,0,0
1,0,2048,True,0,0,GPU-5e2e1f94-e88e-48e3-247d-328b52fc68db,10,1.0528621079865843,22645075456,23502782464,0,0,0
1,0,2048,True,0,0,GPU-5e2e1f94-e88e-48e3-247d-328b52fc68db,11,1.0002786261029541,22645075456,23502782464,0,0,0
1,0,2048,True,0,0,GPU-5e2e1f94-e88e-48e3-247d-328b52fc68db,12,1.1024801330640912,22645075456,23502782464,0,0,0
1,0,2048,True,0,0.5,GPU-5e2e1f94-e88e-48e3-247d-328b52fc68db,3,1.1879686720203608,22379916800,23112712192,36,1056964608,264241152
1,0,2048,True,0,0.5,GPU-5e2e1f94-e88e-48e3-247d-328b52fc68db,4,1.15209892205894,22379916800,23112712192,36,1056964608,264241152
1,0,2048,True,0,0.5,GPU-5e2e1f94-e88e-48e3-247d-328b52fc68db,5,1.2342527471482754,22379916800,23112712192,36,1056964608,264241152
1,0,2048,True,0,0.5,GPU-5e2e1f94-e88e-48e3-247d-328b52fc68db,6,1.1880681759212166,22379916800,23112712192,36,1056964608,264241152
1,0,2048,True,0,0.5,GPU-5e2e1f94-e88e-48e3-247d-328b52fc68db,7,1.1348114649299532,22379916800,23112712192,36,1056964608,264241152
1,0,2048,True,0,0.5,GPU-5e2e1f94-e88e-48e3-247d-328b52fc68db,8,1.2272958129178733,22379916800,23112712192,36,1056964608,264241152
1,0,2048,True,0,0.5,GPU-5e2e1f94-e88e-48e3-247d-328b52fc68db,9,1.2338819201104343,22379916800,23112712192,36,1056964608,264241152
1,0,2048,True,0,0.5,GPU-5e2e1f94-e88e-48e3-247d-328b52fc68db,10,1.1835421808063984,22379916800,23112712192,36,1056964608,264241152
1,0,2048,True,0,0.5,GPU-5e2e1f94-e88e-48e3-247d-328b52fc68db,11,1.2853174859192222,22379916800,23112712192,36,1056964608,264241152
1,0,2048,True,0,0.5,GPU-5e2e1f94-e88e-48e3-247d-328b52fc68db,12,1.1995631179306656,22379916800,23112712192,36,1056964608,264241152
1,0,2048,True,0,1,GPU-5e2e1f94-e88e-48e3-247d-328b52fc68db,3,1.0283468069974333,22145035776,23544725504,71,2084569088,499122176
1,0,2048,True,0,1,GPU-5e2e1f94-e88e-48e3-247d-328b52fc68db,4,1.045240384992212,22145035776,23544725504,71,2084569088,499122176
1,0,2048,True,0,1,GPU-5e2e1f94-e88e-48e3-247d-328b52fc68db,5,1.042869305005297,22145035776,23544725504,71,2084569088,499122176
1,0,2048,True,0,1,GPU-5e2e1f94-e88e-48e3-247d-328b52fc68db,6,1.064787444891408,22145952768,23544725504,71,2084569088,499122176
1,0,2048,True,0,1,GPU-5e2e1f94-e88e-48e3-247d-328b52fc68db,7,1.0668102400377393,22145952768,23544725504,71,2084569088,499122176
1,0,2048,True,0,1,GPU-5e2e1f94-e88e-48e3-247d-328b52fc68db,8,1.0469124070368707,22145953280,23544725504,71,2084569088,499122176
1,0,2048,True,0,1,GPU-5e2e1f94-e88e-48e3-247d-328b52fc68db,9,1.1360163169447333,22145035776,23544725504,71,2084569088,499122176
1,0,2048,True,0,1,GPU-5e2e1f94-e88e-48e3-247d-328b52fc68db,10,1.0325533309951425,22145953280,23544725504,71,2084569088,499122176
1,0,2048,True,0,1,GPU-5e2e1f94-e88e-48e3-247d-328b52fc68db,11,1.0362905240617692,22145952768,23544725504,71,2084569088,499122176
1,0,2048,True,0,1,GPU-5e2e1f94-e88e-48e3-247d-328b52fc68db,12,1.0844043111428618,22145953280,23544725504,71,2084569088,499122176
1,0,2048,True,1,disabled,GPU-5e2e1f94-e88e-48e3-247d-328b52fc68db,3,1.1544597269967198,22645337088,23068672000,0,0,0
1,0,2048,True,1,disabled,GPU-5e2e1f94-e88e-48e3-247d-328b52fc68db,4,1.1253187218680978,22645337088,23068672000,0,0,0
1,0,2048,True,1,disabled,GPU-5e2e1f94-e88e-48e3-247d-328b52fc68db,5,0.9742547560017556,22645337088,23068672000,0,0,0
1,0,2048,True,1,disabled,GPU-5e2e1f94-e88e-48e3-247d-328b52fc68db,6,1.050554668996483,22645337088,23068672000,0,0,0
1,0,2048,True,1,disabled,GPU-5e2e1f94-e88e-48e3-247d-328b52fc68db,7,1.0052674990147352,22645337088,23068672000,0,0,0
1,0,2048,True,1,disabled,GPU-5e2e1f94-e88e-48e3-247d-328b52fc68db,8,0.9711441369727254,22645337088,23068672000,0,0,0
1,0,2048,True,1,disabled,GPU-5e2e1f94-e88e-48e3-247d-328b52fc68db,9,1.0225357480812818,22645337088,23068672000,0,0,0
1,0,2048,True,1,disabled,GPU-5e2e1f94-e88e-48e3-247d-328b52fc68db,10,1.0804922310635448,22645337088,23068672000,0,0,0
1,0,2048,True,1,disabled,GPU-5e2e1f94-e88e-48e3-247d-328b52fc68db,11,1.01289356010966,22645337088,23068672000,0,0,0
1,0,2048,True,1,disabled,GPU-5e2e1f94-e88e-48e3-247d-328b52fc68db,12,1.002853815909475,22645337088,23068672000,0,0,0
1,0,2048,True,1,0,GPU-5e2e1f94-e88e-48e3-247d-328b52fc68db,3,1.1918562450446188,22644289024,23074963456,0,0,0
1,0,2048,True,1,0,GPU-5e2e1f94-e88e-48e3-247d-328b52fc68db,4,1.1310451421886683,22644289024,23074963456,0,0,0
1,0,2048,True,1,0,GPU-5e2e1f94-e88e-48e3-247d-328b52fc68db,5,1.1486447199713439,22644289024,23074963456,0,0,0
1,0,2048,True,1,0,GPU-5e2e1f94-e88e-48e3-247d-328b52fc68db,6,1.1205116459168494,22644289024,23074963456,0,0,0
1,0,2048,True,1,0,GPU-5e2e1f94-e88e-48e3-247d-328b52fc68db,7,1.1260047720279545,22644289024,23074963456,0,0,0
1,0,2048,True,1,0,GPU-5e2e1f94-e88e-48e3-247d-328b52fc68db,8,1.2116961958818138,22644289024,23074963456,0,0,0
1,0,2048,True,1,0,GPU-5e2e1f94-e88e-48e3-247d-328b52fc68db,9,1.1752311328891665,22644289024,23074963456,0,0,0
1,0,2048,True,1,0,GPU-5e2e1f94-e88e-48e3-247d-328b52fc68db,10,1.1611049459315836,22644289024,23074963456,0,0,0
1,0,2048,True,1,0,GPU-5e2e1f94-e88e-48e3-247d-328b52fc68db,11,1.2565057340543717,22644289024,23074963456,0,0,0
1,0,2048,True,1,0,GPU-5e2e1f94-e88e-48e3-247d-328b52fc68db,12,1.1899843809660524,22644289024,23074963456,0,0,0
1,0,2048,True,1,0.5,GPU-5e2e1f94-e88e-48e3-247d-328b52fc68db,3,1.0262827700935304,22380833792,23796383744,36,1056964608,264241152
1,0,2048,True,1,0.5,GPU-5e2e1f94-e88e-48e3-247d-328b52fc68db,4,1.2094356310553849,22380834304,23796383744,36,1056964608,264241152
1,0,2048,True,1,0.5,GPU-5e2e1f94-e88e-48e3-247d-328b52fc68db,5,1.0492996899411082,22380834304,23796383744,36,1056964608,264241152
1,0,2048,True,1,0.5,GPU-5e2e1f94-e88e-48e3-247d-328b52fc68db,6,1.1032708738930523,22380834304,23796383744,36,1056964608,264241152
1,0,2048,True,1,0.5,GPU-5e2e1f94-e88e-48e3-247d-328b52fc68db,7,1.0633044720161706,22380833792,23796383744,36,1056964608,264241152
1,0,2048,True,1,0.5,GPU-5e2e1f94-e88e-48e3-247d-328b52fc68db,8,1.2024706290103495,22380834304,23796383744,36,1056964608,264241152
1,0,2048,True,1,0.5,GPU-5e2e1f94-e88e-48e3-247d-328b52fc68db,9,1.2444978069979697,22380834304,23796383744,36,1056964608,264241152
1,0,2048,True,1,0.5,GPU-5e2e1f94-e88e-48e3-247d-328b52fc68db,10,1.1818354378920048,22380834304,23796383744,36,1056964608,264241152
1,0,2048,True,1,0.5,GPU-5e2e1f94-e88e-48e3-247d-328b52fc68db,11,1.1200902240816504,22380834304,23796383744,36,1056964608,264241152
1,0,2048,True,1,0.5,GPU-5e2e1f94-e88e-48e3-247d-328b52fc68db,12,1.1028041690587997,22380834304,23796383744,36,1056964608,264241152
1,0,2048,True,1,1,GPU-5e2e1f94-e88e-48e3-247d-328b52fc68db,3,1.0930435990449041,22145952768,23544725504,71,2084569088,499122176
1,0,2048,True,1,1,GPU-5e2e1f94-e88e-48e3-247d-328b52fc68db,4,1.1097017480060458,22145035776,23544725504,71,2084569088,499122176
1,0,2048,True,1,1,GPU-5e2e1f94-e88e-48e3-247d-328b52fc68db,5,1.0319079749751836,22145035776,23544725504,71,2084569088,499122176
1,0,2048,True,1,1,GPU-5e2e1f94-e88e-48e3-247d-328b52fc68db,6,1.0657045270781964,22145035776,23544725504,71,2084569088,499122176
1,0,2048,True,1,1,GPU-5e2e1f94-e88e-48e3-247d-328b52fc68db,7,0.979371523950249,22145952768,23544725504,71,2084569088,499122176
1,0,2048,True,1,1,GPU-5e2e1f94-e88e-48e3-247d-328b52fc68db,8,1.0568254909012467,22145952256,23544725504,71,2084569088,499122176
1,0,2048,True,1,1,GPU-5e2e1f94-e88e-48e3-247d-328b52fc68db,9,1.0606617769226432,22145953280,23544725504,71,2084569088,499122176
1,0,2048,True,1,1,GPU-5e2e1f94-e88e-48e3-247d-328b52fc68db,10,1.047010106034577,22145952768,23544725504,71,2084569088,499122176
1,0,2048,True,1,1,GPU-5e2e1f94-e88e-48e3-247d-328b52fc68db,11,1.0365850781090558,22145952768,23544725504,71,2084569088,499122176
1,0,2048,True,1,1,GPU-5e2e1f94-e88e-48e3-247d-328b52fc68db,12,1.0939849489368498,22145953280,23544725504,71,2084569088,499122176
1,0,2048,True,2,disabled,GPU-5e2e1f94-e88e-48e3-247d-328b52fc68db,3,1.0622288521844894,22645337088,23068672000,0,0,0
1,0,2048,True,2,disabled,GPU-5e2e1f94-e88e-48e3-247d-328b52fc68db,4,1.0324871020857245,22645337088,23068672000,0,0,0
1,0,2048,True,2,disabled,GPU-5e2e1f94-e88e-48e3-247d-328b52fc68db,5,1.056180204031989,22645337088,23068672000,0,0,0
1,0,2048,True,2,disabled,GPU-5e2e1f94-e88e-48e3-247d-328b52fc68db,6,1.0304234609939158,22645337088,23068672000,0,0,0
1,0,2048,True,2,disabled,GPU-5e2e1f94-e88e-48e3-247d-328b52fc68db,7,1.0342864540871233,22645337088,23068672000,0,0,0
1,0,2048,True,2,disabled,GPU-5e2e1f94-e88e-48e3-247d-328b52fc68db,8,1.1025861999951303,22645337088,23068672000,0,0,0
1,0,2048,True,2,disabled,GPU-5e2e1f94-e88e-48e3-247d-328b52fc68db,9,1.0771664390340447,22645337088,23068672000,0,0,0
1,0,2048,True,2,disabled,GPU-5e2e1f94-e88e-48e3-247d-328b52fc68db,10,1.0397158961277455,22645337088,23068672000,0,0,0
1,0,2048,True,2,disabled,GPU-5e2e1f94-e88e-48e3-247d-328b52fc68db,11,1.0363842041697353,22645337088,23068672000,0,0,0
1,0,2048,True,2,disabled,GPU-5e2e1f94-e88e-48e3-247d-328b52fc68db,12,1.0281543170567602,22645337088,23068672000,0,0,0
1,0,2048,True,2,0,GPU-5e2e1f94-e88e-48e3-247d-328b52fc68db,3,1.1475053660105914,22644289024,23074963456,0,0,0
1,0,2048,True,2,0,GPU-5e2e1f94-e88e-48e3-247d-328b52fc68db,4,1.1192751228809357,22644289024,23074963456,0,0,0
1,0,2048,True,2,0,GPU-5e2e1f94-e88e-48e3-247d-328b52fc68db,5,1.090606028912589,22644289024,23074963456,0,0,0
1,0,2048,True,2,0,GPU-5e2e1f94-e88e-48e3-247d-328b52fc68db,6,1.1421967649366707,22644289024,23074963456,0,0,0
1,0,2048,True,2,0,GPU-5e2e1f94-e88e-48e3-247d-328b52fc68db,7,1.0437148311175406,22644289024,23074963456,0,0,0
1,0,2048,True,2,0,GPU-5e2e1f94-e88e-48e3-247d-328b52fc68db,8,1.1042540238704532,22644289024,23074963456,0,0,0
1,0,2048,True,2,0,GPU-5e2e1f94-e88e-48e3-247d-328b52fc68db,9,1.056447107810527,22644289024,23074963456,0,0,0
1,0,2048,True,2,0,GPU-5e2e1f94-e88e-48e3-247d-328b52fc68db,10,1.0830870831850916,22644289024,23074963456,0,0,0
1,0,2048,True,2,0,GPU-5e2e1f94-e88e-48e3-247d-328b52fc68db,11,1.0766699810046703,22644289024,23074963456,0,0,0
1,0,2048,True,2,0,GPU-5e2e1f94-e88e-48e3-247d-328b52fc68db,12,1.0441283551044762,22644289024,23074963456,0,0,0
1,0,2048,True,2,0.5,GPU-5e2e1f94-e88e-48e3-247d-328b52fc68db,3,1.0566121889278293,22380834304,23796383744,36,1056964608,264241152
1,0,2048,True,2,0.5,GPU-5e2e1f94-e88e-48e3-247d-328b52fc68db,4,1.154050150187686,22380834304,23796383744,36,1056964608,264241152
1,0,2048,True,2,0.5,GPU-5e2e1f94-e88e-48e3-247d-328b52fc68db,5,1.1600366870407015,22380834304,23796383744,36,1056964608,264241152
1,0,2048,True,2,0.5,GPU-5e2e1f94-e88e-48e3-247d-328b52fc68db,6,1.0607878868468106,22380834304,23796383744,36,1056964608,264241152
1,0,2048,True,2,0.5,GPU-5e2e1f94-e88e-48e3-247d-328b52fc68db,7,0.9771359241567552,22380832256,23796383744,36,1056964608,264241152
1,0,2048,True,2,0.5,GPU-5e2e1f94-e88e-48e3-247d-328b52fc68db,8,1.0688924570567906,22380833792,23796383744,36,1056964608,264241152
1,0,2048,True,2,0.5,GPU-5e2e1f94-e88e-48e3-247d-328b52fc68db,9,1.0121858878992498,22380833792,23796383744,36,1056964608,264241152
1,0,2048,True,2,0.5,GPU-5e2e1f94-e88e-48e3-247d-328b52fc68db,10,1.055035893106833,22380834304,23796383744,36,1056964608,264241152
1,0,2048,True,2,0.5,GPU-5e2e1f94-e88e-48e3-247d-328b52fc68db,11,1.0815568640828133,22380834304,23796383744,36,1056964608,264241152
1,0,2048,True,2,0.5,GPU-5e2e1f94-e88e-48e3-247d-328b52fc68db,12,1.017543035093695,22380834304,23796383744,36,1056964608,264241152
1,0,2048,True,2,1,GPU-5e2e1f94-e88e-48e3-247d-328b52fc68db,3,1.1348337589297444,22145035776,22626172928,71,2084569088,499122176
1,0,2048,True,2,1,GPU-5e2e1f94-e88e-48e3-247d-328b52fc68db,4,1.1266167399007827,22145035776,22626172928,71,2084569088,499122176
1,0,2048,True,2,1,GPU-5e2e1f94-e88e-48e3-247d-328b52fc68db,5,1.2162070160266012,22145035776,22626172928,71,2084569088,499122176
1,0,2048,True,2,1,GPU-5e2e1f94-e88e-48e3-247d-328b52fc68db,6,1.1212488091550767,22145035776,22626172928,71,2084569088,499122176
1,0,2048,True,2,1,GPU-5e2e1f94-e88e-48e3-247d-328b52fc68db,7,1.182570143835619,22145035776,22626172928,71,2084569088,499122176
1,0,2048,True,2,1,GPU-5e2e1f94-e88e-48e3-247d-328b52fc68db,8,1.2081740540452302,22145035776,22626172928,71,2084569088,499122176
1,0,2048,True,2,1,GPU-5e2e1f94-e88e-48e3-247d-328b52fc68db,9,1.150810071034357,22145035776,22626172928,71,2084569088,499122176
1,0,2048,True,2,1,GPU-5e2e1f94-e88e-48e3-247d-328b52fc68db,10,1.1363771720789373,22145035776,22626172928,71,2084569088,499122176
1,0,2048,True,2,1,GPU-5e2e1f94-e88e-48e3-247d-328b52fc68db,11,1.1214056590106338,22145035776,22626172928,71,2084569088,499122176
1,0,2048,True,2,1,GPU-5e2e1f94-e88e-48e3-247d-328b52fc68db,12,1.14889264293015,22145035776,22626172928,71,2084569088,499122176
1,0,4096,True,0,disabled,GPU-5e2e1f94-e88e-48e3-247d-328b52fc68db,3,1.6997780068777502,32525431808,35328622592,0,0,0
1,0,4096,True,0,disabled,GPU-5e2e1f94-e88e-48e3-247d-328b52fc68db,4,1.7014371568802744,32525431808,35328622592,0,0,0
1,0,4096,True,0,disabled,GPU-5e2e1f94-e88e-48e3-247d-328b52fc68db,5,1.7036930250469595,32525431808,35328622592,0,0,0
1,0,4096,True,0,disabled,GPU-5e2e1f94-e88e-48e3-247d-328b52fc68db,6,1.7067662100307643,32525431808,35328622592,0,0,0
1,0,4096,True,0,disabled,GPU-5e2e1f94-e88e-48e3-247d-328b52fc68db,7,1.7003279458731413,32525431808,35328622592,0,0,0
1,0,4096,True,0,disabled,GPU-5e2e1f94-e88e-48e3-247d-328b52fc68db,8,1.7283345509786159,32525431808,35328622592,0,0,0
1,0,4096,True,0,disabled,GPU-5e2e1f94-e88e-48e3-247d-328b52fc68db,9,1.7117197308689356,32525431808,35328622592,0,0,0
1,0,4096,True,0,disabled,GPU-5e2e1f94-e88e-48e3-247d-328b52fc68db,10,1.7043876620009542,32525431808,35328622592,0,0,0
1,0,4096,True,0,disabled,GPU-5e2e1f94-e88e-48e3-247d-328b52fc68db,11,1.703709018183872,32525431808,35328622592,0,0,0
1,0,4096,True,0,disabled,GPU-5e2e1f94-e88e-48e3-247d-328b52fc68db,12,1.7094964990392327,32525431808,35328622592,0,0,0
1,0,4096,True,0,0,GPU-5e2e1f94-e88e-48e3-247d-328b52fc68db,3,1.698731262004003,32525432320,34303115264,0,0,0
1,0,4096,True,0,0,GPU-5e2e1f94-e88e-48e3-247d-328b52fc68db,4,1.701672405935824,32525432320,34303115264,0,0,0
1,0,4096,True,0,0,GPU-5e2e1f94-e88e-48e3-247d-328b52fc68db,5,1.7057271290104836,32525432320,34303115264,0,0,0
1,0,4096,True,0,0,GPU-5e2e1f94-e88e-48e3-247d-328b52fc68db,6,1.7029843830969185,32525432320,34303115264,0,0,0
1,0,4096,True,0,0,GPU-5e2e1f94-e88e-48e3-247d-328b52fc68db,7,1.7046370741445571,32525432320,34303115264,0,0,0
1,0,4096,True,0,0,GPU-5e2e1f94-e88e-48e3-247d-328b52fc68db,8,1.7072845750954002,32525432320,34303115264,0,0,0
1,0,4096,True,0,0,GPU-5e2e1f94-e88e-48e3-247d-328b52fc68db,9,1.7088149830233306,32525432320,34303115264,0,0,0
1,0,4096,True,0,0,GPU-5e2e1f94-e88e-48e3-247d-328b52fc68db,10,1.7092220559716225,32525432320,34303115264,0,0,0
1,0,4096,True,0,0,GPU-5e2e1f94-e88e-48e3-247d-328b52fc68db,11,1.7077659030910581,32525432320,34303115264,0,0,0
1,0,4096,True,0,0,GPU-5e2e1f94-e88e-48e3-247d-328b52fc68db,12,1.7099449220113456,32525432320,34303115264,0,0,0
1,0,4096,True,0,0.5,GPU-5e2e1f94-e88e-48e3-247d-328b52fc68db,3,1.711627191863954,31996950016,34860957696,36,2113929216,528482304
1,0,4096,True,0,0.5,GPU-5e2e1f94-e88e-48e3-247d-328b52fc68db,4,1.7121059529017657,31996950016,34860957696,36,2113929216,528482304
1,0,4096,True,0,0.5,GPU-5e2e1f94-e88e-48e3-247d-328b52fc68db,5,1.7127512330189347,31996950016,34860957696,36,2113929216,528482304
1,0,4096,True,0,0.5,GPU-5e2e1f94-e88e-48e3-247d-328b52fc68db,6,1.7181486629415303,31996950016,34860957696,36,2113929216,528482304
1,0,4096,True,0,0.5,GPU-5e2e1f94-e88e-48e3-247d-328b52fc68db,7,1.716020978987217,31996950016,34860957696,36,2113929216,528482304
1,0,4096,True,0,0.5,GPU-5e2e1f94-e88e-48e3-247d-328b52fc68db,8,1.7175188700202852,31996950016,34860957696,36,2113929216,528482304
1,0,4096,True,0,0.5,GPU-5e2e1f94-e88e-48e3-247d-328b52fc68db,9,1.716039163991809,31996950016,34860957696,36,2113929216,528482304
1,0,4096,True,0,0.5,GPU-5e2e1f94-e88e-48e3-247d-328b52fc68db,10,1.7159199269954115,31996950016,34860957696,36,2113929216,528482304
1,0,4096,True,0,0.5,GPU-5e2e1f94-e88e-48e3-247d-328b52fc68db,11,1.7203281929250807,31996950016,34860957696,36,2113929216,528482304
1,0,4096,True,0,0.5,GPU-5e2e1f94-e88e-48e3-247d-328b52fc68db,12,1.7193931359797716,31996950016,34860957696,36,2113929216,528482304
1,0,4096,True,0,1,GPU-5e2e1f94-e88e-48e3-247d-328b52fc68db,3,1.7441026661545038,31527187968,34374418432,71,4169138176,998244352
1,0,4096,True,0,1,GPU-5e2e1f94-e88e-48e3-247d-328b52fc68db,4,1.7214565640315413,31527187968,34374418432,71,4169138176,998244352
1,0,4096,True,0,1,GPU-5e2e1f94-e88e-48e3-247d-328b52fc68db,5,1.7268062222283334,31527187968,34374418432,71,4169138176,998244352
1,0,4096,True,0,1,GPU-5e2e1f94-e88e-48e3-247d-328b52fc68db,6,1.7257276689633727,31527187968,34374418432,71,4169138176,998244352
1,0,4096,True,0,1,GPU-5e2e1f94-e88e-48e3-247d-328b52fc68db,7,1.7205272889696062,31527187968,34374418432,71,4169138176,998244352
1,0,4096,True,0,1,GPU-5e2e1f94-e88e-48e3-247d-328b52fc68db,8,1.7212588619440794,31527187968,34374418432,71,4169138176,998244352
1,0,4096,True,0,1,GPU-5e2e1f94-e88e-48e3-247d-328b52fc68db,9,1.7215392021462321,31527187968,34374418432,71,4169138176,998244352
1,0,4096,True,0,1,GPU-5e2e1f94-e88e-48e3-247d-328b52fc68db,10,1.7196160848252475,31527187968,34374418432,71,4169138176,998244352
1,0,4096,True,0,1,GPU-5e2e1f94-e88e-48e3-247d-328b52fc68db,11,1.7226149649359286,31527187968,34374418432,71,4169138176,998244352
1,0,4096,True,0,1,GPU-5e2e1f94-e88e-48e3-247d-328b52fc68db,12,1.7271794620901346,31527187968,34374418432,71,4169138176,998244352
1,0,4096,True,1,disabled,GPU-5e2e1f94-e88e-48e3-247d-328b52fc68db,3,1.7091196670662612,32525431808,35328622592,0,0,0
1,0,4096,True,1,disabled,GPU-5e2e1f94-e88e-48e3-247d-328b52fc68db,4,1.7119848371949047,32525431808,35328622592,0,0,0
1,0,4096,True,1,disabled,GPU-5e2e1f94-e88e-48e3-247d-328b52fc68db,5,1.723459545057267,32525431808,35328622592,0,0,0
1,0,4096,True,1,disabled,GPU-5e2e1f94-e88e-48e3-247d-328b52fc68db,6,1.71093098516576,32525431808,35328622592,0,0,0
1,0,4096,True,1,disabled,GPU-5e2e1f94-e88e-48e3-247d-328b52fc68db,7,1.7139629351440817,32525431808,35328622592,0,0,0
1,0,4096,True,1,disabled,GPU-5e2e1f94-e88e-48e3-247d-328b52fc68db,8,1.711242077872157,32525431808,35328622592,0,0,0
1,0,4096,True,1,disabled,GPU-5e2e1f94-e88e-48e3-247d-328b52fc68db,9,1.7155458680354059,32525431808,35328622592,0,0,0
1,0,4096,True,1,disabled,GPU-5e2e1f94-e88e-48e3-247d-328b52fc68db,10,1.7149250819347799,32525431808,35328622592,0,0,0
1,0,4096,True,1,disabled,GPU-5e2e1f94-e88e-48e3-247d-328b52fc68db,11,1.714312233030796,32525431808,35328622592,0,0,0
1,0,4096,True,1,disabled,GPU-5e2e1f94-e88e-48e3-247d-328b52fc68db,12,1.7154518340248615,32525431808,35328622592,0,0,0
1,0,4096,True,1,0,GPU-5e2e1f94-e88e-48e3-247d-328b52fc68db,3,1.7129267810378224,32525432320,34303115264,0,0,0
1,0,4096,True,1,0,GPU-5e2e1f94-e88e-48e3-247d-328b52fc68db,4,1.7126240709330887,32525432320,34303115264,0,0,0
1,0,4096,True,1,0,GPU-5e2e1f94-e88e-48e3-247d-328b52fc68db,5,1.7150404499843717,32525432320,34303115264,0,0,0
1,0,4096,True,1,0,GPU-5e2e1f94-e88e-48e3-247d-328b52fc68db,6,1.7143202759325504,32525432320,34303115264,0,0,0
1,0,4096,True,1,0,GPU-5e2e1f94-e88e-48e3-247d-328b52fc68db,7,1.7148509558755904,32525432320,34303115264,0,0,0
1,0,4096,True,1,0,GPU-5e2e1f94-e88e-48e3-247d-328b52fc68db,8,1.7128164321184158,32525432320,34303115264,0,0,0
1,0,4096,True,1,0,GPU-5e2e1f94-e88e-48e3-247d-328b52fc68db,9,1.7151698390953243,32525432320,34303115264,0,0,0
1,0,4096,True,1,0,GPU-5e2e1f94-e88e-48e3-247d-328b52fc68db,10,1.7151944010984153,32525432320,34303115264,0,0,0
1,0,4096,True,1,0,GPU-5e2e1f94-e88e-48e3-247d-328b52fc68db,11,1.7177423918619752,32525432320,34303115264,0,0,0
1,0,4096,True,1,0,GPU-5e2e1f94-e88e-48e3-247d-328b52fc68db,12,1.7162014110945165,32525432320,34303115264,0,0,0
1,0,4096,True,1,0.5,GPU-5e2e1f94-e88e-48e3-247d-328b52fc68db,3,1.715529594104737,31996950016,34860957696,36,2113929216,528482304
1,0,4096,True,1,0.5,GPU-5e2e1f94-e88e-48e3-247d-328b52fc68db,4,1.7154204270336777,31996950016,34860957696,36,2113929216,528482304
1,0,4096,True,1,0.5,GPU-5e2e1f94-e88e-48e3-247d-328b52fc68db,5,1.7167030381970108,31996950016,34860957696,36,2113929216,528482304
1,0,4096,True,1,0.5,GPU-5e2e1f94-e88e-48e3-247d-328b52fc68db,6,1.7165322110522538,31996950016,34860957696,36,2113929216,528482304
1,0,4096,True,1,0.5,GPU-5e2e1f94-e88e-48e3-247d-328b52fc68db,7,1.721413599094376,31996950016,34860957696,36,2113929216,528482304
1,0,4096,True,1,0.5,GPU-5e2e1f94-e88e-48e3-247d-328b52fc68db,8,1.7189290670212358,31996950016,34860957696,36,2113929216,528482304
1,0,4096,True,1,0.5,GPU-5e2e1f94-e88e-48e3-247d-328b52fc68db,9,1.718271577032283,31996950016,34860957696,36,2113929216,528482304
1,0,4096,True,1,0.5,GPU-5e2e1f94-e88e-48e3-247d-328b52fc68db,10,1.742869501002133,31996950016,34860957696,36,2113929216,528482304
1,0,4096,True,1,0.5,GPU-5e2e1f94-e88e-48e3-247d-328b52fc68db,11,1.7198984799906611,31996950016,34860957696,36,2113929216,528482304
1,0,4096,True,1,0.5,GPU-5e2e1f94-e88e-48e3-247d-328b52fc68db,12,1.7315598300192505,31996950016,34860957696,36,2113929216,528482304
1,0,4096,True,1,1,GPU-5e2e1f94-e88e-48e3-247d-328b52fc68db,3,1.7221574429422617,31527187968,34374418432,71,4169138176,998244352
1,0,4096,True,1,1,GPU-5e2e1f94-e88e-48e3-247d-328b52fc68db,4,1.7196982922032475,31527187968,34374418432,71,4169138176,998244352
1,0,4096,True,1,1,GPU-5e2e1f94-e88e-48e3-247d-328b52fc68db,5,1.719896238995716,31527187968,34374418432,71,4169138176,998244352
1,0,4096,True,1,1,GPU-5e2e1f94-e88e-48e3-247d-328b52fc68db,6,1.7221095259301364,31527187968,34374418432,71,4169138176,998244352
1,0,4096,True,1,1,GPU-5e2e1f94-e88e-48e3-247d-328b52fc68db,7,1.7231081668287516,31527187968,34374418432,71,4169138176,998244352
1,0,4096,True,1,1,GPU-5e2e1f94-e88e-48e3-247d-328b52fc68db,8,1.749018524074927,31527187968,34374418432,71,4169138176,998244352
1,0,4096,True,1,1,GPU-5e2e1f94-e88e-48e3-247d-328b52fc68db,9,1.721674685832113,31527187968,34374418432,71,4169138176,998244352
1,0,4096,True,1,1,GPU-5e2e1f94-e88e-48e3-247d-328b52fc68db,10,1.7220860079396516,31527187968,34374418432,71,4169138176,998244352
1,0,4096,True,1,1,GPU-5e2e1f94-e88e-48e3-247d-328b52fc68db,11,1.7210491159930825,31527187968,34374418432,71,4169138176,998244352
1,0,4096,True,1,1,GPU-5e2e1f94-e88e-48e3-247d-328b52fc68db,12,1.7231412450782955,31527187968,34374418432,71,4169138176,998244352
1,0,4096,True,2,disabled,GPU-5e2e1f94-e88e-48e3-247d-328b52fc68db,3,1.7070713299326599,32525431808,35328622592,0,0,0
1,0,4096,True,2,disabled,GPU-5e2e1f94-e88e-48e3-247d-328b52fc68db,4,1.7061747470870614,32525431808,35328622592,0,0,0
1,0,4096,True,2,disabled,GPU-5e2e1f94-e88e-48e3-247d-328b52fc68db,5,1.7477950011380017,32525431808,35328622592,0,0,0
1,0,4096,True,2,disabled,GPU-5e2e1f94-e88e-48e3-247d-328b52fc68db,6,1.7102941130287945,32525431808,35328622592,0,0,0
1,0,4096,True,2,disabled,GPU-5e2e1f94-e88e-48e3-247d-328b52fc68db,7,1.7104911599308252,32525431808,35328622592,0,0,0
1,0,4096,True,2,disabled,GPU-5e2e1f94-e88e-48e3-247d-328b52fc68db,8,1.712976898998022,32525431808,35328622592,0,0,0
1,0,4096,True,2,disabled,GPU-5e2e1f94-e88e-48e3-247d-328b52fc68db,9,1.712699718074873,32525431808,35328622592,0,0,0
1,0,4096,True,2,disabled,GPU-5e2e1f94-e88e-48e3-247d-328b52fc68db,10,1.713526823790744,32525431808,35328622592,0,0,0
1,0,4096,True,2,disabled,GPU-5e2e1f94-e88e-48e3-247d-328b52fc68db,11,1.7160686659626663,32525431808,35328622592,0,0,0
1,0,4096,True,2,disabled,GPU-5e2e1f94-e88e-48e3-247d-328b52fc68db,12,1.7139169450383633,32525431808,35328622592,0,0,0
1,0,4096,True,2,0,GPU-5e2e1f94-e88e-48e3-247d-328b52fc68db,3,1.7078803160693496,32525432320,34301018112,0,0,0
1,0,4096,True,2,0,GPU-5e2e1f94-e88e-48e3-247d-328b52fc68db,4,1.707722557010129,32525432320,34301018112,0,0,0
1,0,4096,True,2,0,GPU-5e2e1f94-e88e-48e3-247d-328b52fc68db,5,1.709819379961118,32525432320,34301018112,0,0,0
1,0,4096,True,2,0,GPU-5e2e1f94-e88e-48e3-247d-328b52fc68db,6,1.7088028679136187,32525432320,34301018112,0,0,0
1,0,4096,True,2,0,GPU-5e2e1f94-e88e-48e3-247d-328b52fc68db,7,1.7139311940409243,32525432320,34301018112,0,0,0
1,0,4096,True,2,0,GPU-5e2e1f94-e88e-48e3-247d-328b52fc68db,8,1.7137330151163042,32525432320,34301018112,0,0,0
1,0,4096,True,2,0,GPU-5e2e1f94-e88e-48e3-247d-328b52fc68db,9,1.7116542030125856,32525432320,34301018112,0,0,0
1,0,4096,True,2,0,GPU-5e2e1f94-e88e-48e3-247d-328b52fc68db,10,1.7129975431598723,32525432320,34301018112,0,0,0
1,0,4096,True,2,0,GPU-5e2e1f94-e88e-48e3-247d-328b52fc68db,11,1.716109471861273,32525432320,34301018112,0,0,0
1,0,4096,True,2,0,GPU-5e2e1f94-e88e-48e3-247d-328b52fc68db,12,1.7185217251535505,32525432320,34301018112,0,0,0
1,0,4096,True,2,0.5,GPU-5e2e1f94-e88e-48e3-247d-328b52fc68db,3,1.7429070519283414,31996950016,34860957696,36,2113929216,528482304
1,0,4096,True,2,0.5,GPU-5e2e1f94-e88e-48e3-247d-328b52fc68db,4,1.7352667218074203,31996950016,34860957696,36,2113929216,528482304
1,0,4096,True,2,0.5,GPU-5e2e1f94-e88e-48e3-247d-328b52fc68db,5,1.7335489699617028,31996950016,34860957696,36,2113929216,528482304
1,0,4096,True,2,0.5,GPU-5e2e1f94-e88e-48e3-247d-328b52fc68db,6,1.7473865339998156,31996950016,34860957696,36,2113929216,528482304
1,0,4096,True,2,0.5,GPU-5e2e1f94-e88e-48e3-247d-328b52fc68db,7,1.7267485749907792,31996950016,34860957696,36,2113929216,528482304
1,0,4096,True,2,0.5,GPU-5e2e1f94-e88e-48e3-247d-328b52fc68db,8,1.7237573817837983,31996950016,34860957696,36,2113929216,528482304
1,0,4096,True,2,0.5,GPU-5e2e1f94-e88e-48e3-247d-328b52fc68db,9,1.7208462909329683,31996950016,34860957696,36,2113929216,528482304
1,0,4096,True,2,0.5,GPU-5e2e1f94-e88e-48e3-247d-328b52fc68db,10,1.7228160409722477,31996950016,34860957696,36,2113929216,528482304
1,0,4096,True,2,0.5,GPU-5e2e1f94-e88e-48e3-247d-328b52fc68db,11,1.7284003929235041,31996950016,34860957696,36,2113929216,528482304
1,0,4096,True,2,0.5,GPU-5e2e1f94-e88e-48e3-247d-328b52fc68db,12,1.7207277829293162,31996950016,34860957696,36,2113929216,528482304
1,0,4096,True,2,1,GPU-5e2e1f94-e88e-48e3-247d-328b52fc68db,3,1.7883085568901151,31527187968,34374418432,71,4169138176,998244352
1,0,4096,True,2,1,GPU-5e2e1f94-e88e-48e3-247d-328b52fc68db,4,1.7369621188845485,31527187968,34374418432,71,4169138176,998244352
1,0,4096,True,2,1,GPU-5e2e1f94-e88e-48e3-247d-328b52fc68db,5,1.7437642680015415,31527187968,34374418432,71,4169138176,998244352
1,0,4096,True,2,1,GPU-5e2e1f94-e88e-48e3-247d-328b52fc68db,6,1.7293996489606798,31527187968,34374418432,71,4169138176,998244352
1,0,4096,True,2,1,GPU-5e2e1f94-e88e-48e3-247d-328b52fc68db,7,1.7352592749521136,31527187968,34374418432,71,4169138176,998244352
1,0,4096,True,2,1,GPU-5e2e1f94-e88e-48e3-247d-328b52fc68db,8,1.7334313828032464,31527187968,34374418432,71,4169138176,998244352
1,0,4096,True,2,1,GPU-5e2e1f94-e88e-48e3-247d-328b52fc68db,9,1.7349694957956672,31527187968,34374418432,71,4169138176,998244352
1,0,4096,True,2,1,GPU-5e2e1f94-e88e-48e3-247d-328b52fc68db,10,1.7680973638780415,31527187968,34374418432,71,4169138176,998244352
1,0,4096,True,2,1,GPU-5e2e1f94-e88e-48e3-247d-328b52fc68db,11,1.7414635801687837,31527187968,34374418432,71,4169138176,998244352
1,0,4096,True,2,1,GPU-5e2e1f94-e88e-48e3-247d-328b52fc68db,12,1.7394963710103184,31527187968,34374418432,71,4169138176,998244352
2,0,2048,False,0,disabled,GPU-5e2e1f94-e88e-48e3-247d-328b52fc68db,3,1.4869080130010843,22949555200,23362273280,0,0,0
2,0,2048,False,0,disabled,GPU-5e2e1f94-e88e-48e3-247d-328b52fc68db,4,1.4818004837725312,22949555200,23362273280,0,0,0
2,0,2048,False,0,disabled,GPU-5e2e1f94-e88e-48e3-247d-328b52fc68db,5,1.4232832428533584,22949555200,23362273280,0,0,0
2,0,2048,False,0,disabled,GPU-5e2e1f94-e88e-48e3-247d-328b52fc68db,6,1.445624214131385,22949555200,23362273280,0,0,0
2,0,2048,False,0,disabled,GPU-5e2e1f94-e88e-48e3-247d-328b52fc68db,7,1.508254803949967,22949555200,23362273280,0,0,0
2,0,2048,False,0,disabled,GPU-5e2e1f94-e88e-48e3-247d-328b52fc68db,8,1.5285285469144583,22949555200,23362273280,0,0,0
2,0,2048,False,0,disabled,GPU-5e2e1f94-e88e-48e3-247d-328b52fc68db,9,1.5383968220558017,22949555200,23362273280,0,0,0
2,0,2048,False,0,disabled,GPU-5e2e1f94-e88e-48e3-247d-328b52fc68db,10,1.4931500570382923,22949555200,23362273280,0,0,0
2,0,2048,False,0,disabled,GPU-5e2e1f94-e88e-48e3-247d-328b52fc68db,11,1.4157152350526303,22949555200,23362273280,0,0,0
2,0,2048,False,0,disabled,GPU-5e2e1f94-e88e-48e3-247d-328b52fc68db,12,1.4602649630978703,22949555200,23362273280,0,0,0
2,1,2048,False,0,disabled,GPU-7595108b-553d-3126-385e-30133180c720,3,1.4876390169374645,22949555200,23362273280,0,0,0
2,1,2048,False,0,disabled,GPU-7595108b-553d-3126-385e-30133180c720,4,1.4818485269788653,22949555200,23362273280,0,0,0
2,1,2048,False,0,disabled,GPU-7595108b-553d-3126-385e-30133180c720,5,1.4227244658395648,22949555200,23362273280,0,0,0
2,1,2048,False,0,disabled,GPU-7595108b-553d-3126-385e-30133180c720,6,1.4447984180878848,22949555200,23362273280,0,0,0
2,1,2048,False,0,disabled,GPU-7595108b-553d-3126-385e-30133180c720,7,1.5078045530244708,22949555200,23362273280,0,0,0
2,1,2048,False,0,disabled,GPU-7595108b-553d-3126-385e-30133180c720,8,1.5284342479426414,22949555200,23362273280,0,0,0
2,1,2048,False,0,disabled,GPU-7595108b-553d-3126-385e-30133180c720,9,1.5382364219985902,22949555200,23362273280,0,0,0
2,1,2048,False,0,disabled,GPU-7595108b-553d-3126-385e-30133180c720,10,1.4930960638448596,22949555200,23362273280,0,0,0
2,1,2048,False,0,disabled,GPU-7595108b-553d-3126-385e-30133180c720,11,1.4155958099290729,22949555200,23362273280,0,0,0
2,1,2048,False,0,disabled,GPU-7595108b-553d-3126-385e-30133180c720,12,1.4601384759880602,22949555200,23362273280,0,0,0
2,0,2048,False,0,1,GPU-5e2e1f94-e88e-48e3-247d-328b52fc68db,3,1.6160037470981479,22449384960,23853006848,71,2084569088,499122176
2,0,2048,False,0,1,GPU-5e2e1f94-e88e-48e3-247d-328b52fc68db,4,1.5019090860150754,22450433024,23853006848,71,2084569088,499122176
2,0,2048,False,0,1,GPU-5e2e1f94-e88e-48e3-247d-328b52fc68db,5,1.5191143399570137,22450433536,23853006848,71,2084569088,499122176
2,0,2048,False,0,1,GPU-5e2e1f94-e88e-48e3-247d-328b52fc68db,6,1.588263995014131,22450433024,23853006848,71,2084569088,499122176
2,0,2048,False,0,1,GPU-5e2e1f94-e88e-48e3-247d-328b52fc68db,7,1.523439577082172,22450301440,23853006848,71,2084569088,499122176
2,0,2048,False,0,1,GPU-5e2e1f94-e88e-48e3-247d-328b52fc68db,8,1.4262506468221545,22450433536,23853006848,71,2084569088,499122176
2,0,2048,False,0,1,GPU-5e2e1f94-e88e-48e3-247d-328b52fc68db,9,1.4759176441002637,22450433024,23853006848,71,2084569088,499122176
2,0,2048,False,0,1,GPU-5e2e1f94-e88e-48e3-247d-328b52fc68db,10,1.559289675904438,22450433024,23853006848,71,2084569088,499122176
2,0,2048,False,0,1,GPU-5e2e1f94-e88e-48e3-247d-328b52fc68db,11,1.5048065229784697,22449384960,23853006848,71,2084569088,499122176
2,0,2048,False,0,1,GPU-5e2e1f94-e88e-48e3-247d-328b52fc68db,12,1.553476327098906,22449384960,23853006848,71,2084569088,499122176
2,1,2048,False,0,1,GPU-7595108b-553d-3126-385e-30133180c720,3,1.6104069219436496,22449384960,23853006848,71,2084569088,499122176
2,1,2048,False,0,1,GPU-7595108b-553d-3126-385e-30133180c720,4,1.4997562379576266,22450302464,23853006848,71,2084569088,499122176
2,1,2048,False,0,1,GPU-7595108b-553d-3126-385e-30133180c720,5,1.5178045069333166,22450432512,23853006848,71,2084569088,499122176
2,1,2048,False,0,1,GPU-7595108b-553d-3126-385e-30133180c720,6,1.586735204095021,22450431488,23853006848,71,2084569088,499122176
2,1,2048,False,0,1,GPU-7595108b-553d-3126-385e-30133180c720,7,1.5231430279091,22450432512,23853006848,71,2084569088,499122176
2,1,2048,False,0,1,GPU-7595108b-553d-3126-385e-30133180c720,8,1.425131490919739,22450433536,23853006848,71,2084569088,499122176
2,1,2048,False,0,1,GPU-7595108b-553d-3126-385e-30133180c720,9,1.4751086290925741,22450433024,23853006848,71,2084569088,499122176
2,1,2048,False,0,1,GPU-7595108b-553d-3126-385e-30133180c720,10,1.559247707016766,22450433536,23853006848,71,2084569088,499122176
2,1,2048,False,0,1,GPU-7595108b-553d-3126-385e-30133180c720,11,1.5044393909629434,22449384960,23853006848,71,2084569088,499122176
2,1,2048,False,0,1,GPU-7595108b-553d-3126-385e-30133180c720,12,1.5517085168976337,22450432512,23853006848,71,2084569088,499122176
2,0,2048,False,1,disabled,GPU-5e2e1f94-e88e-48e3-247d-328b52fc68db,3,1.4923436290118843,22949555200,23362273280,0,0,0
2,0,2048,False,1,disabled,GPU-5e2e1f94-e88e-48e3-247d-328b52fc68db,4,1.4965402709785849,22949555200,23362273280,0,0,0
2,0,2048,False,1,disabled,GPU-5e2e1f94-e88e-48e3-247d-328b52fc68db,5,1.4990712979342788,22949555200,23362273280,0,0,0
2,0,2048,False,1,disabled,GPU-5e2e1f94-e88e-48e3-247d-328b52fc68db,6,1.550506719853729,22949555200,23362273280,0,0,0
2,0,2048,False,1,disabled,GPU-5e2e1f94-e88e-48e3-247d-328b52fc68db,7,1.461919788038358,22949555200,23362273280,0,0,0
2,0,2048,False,1,disabled,GPU-5e2e1f94-e88e-48e3-247d-328b52fc68db,8,1.51040381193161,22949555200,23362273280,0,0,0
2,0,2048,False,1,disabled,GPU-5e2e1f94-e88e-48e3-247d-328b52fc68db,9,1.4504465039353818,22949555200,23362273280,0,0,0
2,0,2048,False,1,disabled,GPU-5e2e1f94-e88e-48e3-247d-328b52fc68db,10,1.4520722010638565,22949555200,23362273280,0,0,0
2,0,2048,False,1,disabled,GPU-5e2e1f94-e88e-48e3-247d-328b52fc68db,11,1.500236060936004,22949555200,23362273280,0,0,0
2,0,2048,False,1,disabled,GPU-5e2e1f94-e88e-48e3-247d-328b52fc68db,12,1.4874263831879944,22949555200,23362273280,0,0,0
2,1,2048,False,1,disabled,GPU-7595108b-553d-3126-385e-30133180c720,3,1.4923609590623528,22949555200,23362273280,0,0,0
2,1,2048,False,1,disabled,GPU-7595108b-553d-3126-385e-30133180c720,4,1.496476884931326,22949555200,23362273280,0,0,0
2,1,2048,False,1,disabled,GPU-7595108b-553d-3126-385e-30133180c720,5,1.4972636518068612,22949555200,23362273280,0,0,0
2,1,2048,False,1,disabled,GPU-7595108b-553d-3126-385e-30133180c720,6,1.549776829779148,22949555200,23362273280,0,0,0
2,1,2048,False,1,disabled,GPU-7595108b-553d-3126-385e-30133180c720,7,1.4618620278779417,22949555200,23362273280,0,0,0
2,1,2048,False,1,disabled,GPU-7595108b-553d-3126-385e-30133180c720,8,1.510844473959878,22949555200,23362273280,0,0,0
2,1,2048,False,1,disabled,GPU-7595108b-553d-3126-385e-30133180c720,9,1.449608569033444,22949555200,23362273280,0,0,0
2,1,2048,False,1,disabled,GPU-7595108b-553d-3126-385e-30133180c720,10,1.4516417740378529,22949555200,23362273280,0,0,0
2,1,2048,False,1,disabled,GPU-7595108b-553d-3126-385e-30133180c720,11,1.500522084068507,22949555200,23362273280,0,0,0
2,1,2048,False,1,disabled,GPU-7595108b-553d-3126-385e-30133180c720,12,1.485270416829735,22949555200,23362273280,0,0,0
2,0,2048,False,1,1,GPU-5e2e1f94-e88e-48e3-247d-328b52fc68db,3,1.519028201000765,22450431488,23853006848,71,2084569088,499122176
2,0,2048,False,1,1,GPU-5e2e1f94-e88e-48e3-247d-328b52fc68db,4,1.4915174979250878,22450433536,23853006848,71,2084569088,499122176
2,0,2048,False,1,1,GPU-5e2e1f94-e88e-48e3-247d-328b52fc68db,5,1.5939410720020533,22449384960,23853006848,71,2084569088,499122176
2,0,2048,False,1,1,GPU-5e2e1f94-e88e-48e3-247d-328b52fc68db,6,1.6451147322077304,22449384960,23853006848,71,2084569088,499122176
2,0,2048,False,1,1,GPU-5e2e1f94-e88e-48e3-247d-328b52fc68db,7,1.6908720631618053,22450433024,23853006848,71,2084569088,499122176
2,0,2048,False,1,1,GPU-5e2e1f94-e88e-48e3-247d-328b52fc68db,8,1.6116579531226307,22450433024,23853006848,71,2084569088,499122176
2,0,2048,False,1,1,GPU-5e2e1f94-e88e-48e3-247d-328b52fc68db,9,1.581211645854637,22449384960,23853006848,71,2084569088,499122176
2,0,2048,False,1,1,GPU-5e2e1f94-e88e-48e3-247d-328b52fc68db,10,1.5169862508773804,22450302464,23853006848,71,2084569088,499122176
2,0,2048,False,1,1,GPU-5e2e1f94-e88e-48e3-247d-328b52fc68db,11,1.4066919849719852,22449384960,23853006848,71,2084569088,499122176
2,0,2048,False,1,1,GPU-5e2e1f94-e88e-48e3-247d-328b52fc68db,12,1.513819162035361,22449384960,23853006848,71,2084569088,499122176
2,1,2048,False,1,1,GPU-7595108b-553d-3126-385e-30133180c720,3,1.5190201201476157,22449384960,23853006848,71,2084569088,499122176
2,1,2048,False,1,1,GPU-7595108b-553d-3126-385e-30133180c720,4,1.4912655130028725,22449384960,23853006848,71,2084569088,499122176
2,1,2048,False,1,1,GPU-7595108b-553d-3126-385e-30133180c720,5,1.5938283379655331,22450431488,23853006848,71,2084569088,499122176
2,1,2048,False,1,1,GPU-7595108b-553d-3126-385e-30133180c720,6,1.6449409071356058,22449384960,23853006848,71,2084569088,499122176
2,1,2048,False,1,1,GPU-7595108b-553d-3126-385e-30133180c720,7,1.6923213209956884,22449384960,23853006848,71,2084569088,499122176
2,1,2048,False,1,1,GPU-7595108b-553d-3126-385e-30133180c720,8,1.6126448079012334,22449384960,23853006848,71,2084569088,499122176
2,1,2048,False,1,1,GPU-7595108b-553d-3126-385e-30133180c720,9,1.5809896329883486,22450433536,23853006848,71,2084569088,499122176
2,1,2048,False,1,1,GPU-7595108b-553d-3126-385e-30133180c720,10,1.5171363451518118,22449384960,23853006848,71,2084569088,499122176
2,1,2048,False,1,1,GPU-7595108b-553d-3126-385e-30133180c720,11,1.4066307311877608,22450432512,23853006848,71,2084569088,499122176
2,1,2048,False,1,1,GPU-7595108b-553d-3126-385e-30133180c720,12,1.5140551929362118,22449384960,23853006848,71,2084569088,499122176
2,0,2048,False,2,disabled,GPU-5e2e1f94-e88e-48e3-247d-328b52fc68db,3,1.4790585080627352,22949555200,23362273280,0,0,0
2,0,2048,False,2,disabled,GPU-5e2e1f94-e88e-48e3-247d-328b52fc68db,4,1.4526734328828752,22949555200,23362273280,0,0,0
2,0,2048,False,2,disabled,GPU-5e2e1f94-e88e-48e3-247d-328b52fc68db,5,1.4374039829708636,22949555200,23362273280,0,0,0
2,0,2048,False,2,disabled,GPU-5e2e1f94-e88e-48e3-247d-328b52fc68db,6,1.4893710769247264,22949555200,23362273280,0,0,0
2,0,2048,False,2,disabled,GPU-5e2e1f94-e88e-48e3-247d-328b52fc68db,7,1.470313283847645,22949555200,23362273280,0,0,0
2,0,2048,False,2,disabled,GPU-5e2e1f94-e88e-48e3-247d-328b52fc68db,8,1.5441888810601085,22949555200,23362273280,0,0,0
2,0,2048,False,2,disabled,GPU-5e2e1f94-e88e-48e3-247d-328b52fc68db,9,1.4364086280111223,22949555200,23362273280,0,0,0
2,0,2048,False,2,disabled,GPU-5e2e1f94-e88e-48e3-247d-328b52fc68db,10,1.4388159271329641,22949555200,23362273280,0,0,0
2,0,2048,False,2,disabled,GPU-5e2e1f94-e88e-48e3-247d-328b52fc68db,11,1.4403752591460943,22949555200,23362273280,0,0,0
2,0,2048,False,2,disabled,GPU-5e2e1f94-e88e-48e3-247d-328b52fc68db,12,1.4439995458815247,22949555200,23362273280,0,0,0
2,1,2048,False,2,disabled,GPU-7595108b-553d-3126-385e-30133180c720,3,1.4794670308474451,22949555200,23362273280,0,0,0
2,1,2048,False,2,disabled,GPU-7595108b-553d-3126-385e-30133180c720,4,1.4522939259186387,22949555200,23362273280,0,0,0
2,1,2048,False,2,disabled,GPU-7595108b-553d-3126-385e-30133180c720,5,1.4375011569354683,22949555200,23362273280,0,0,0
2,1,2048,False,2,disabled,GPU-7595108b-553d-3126-385e-30133180c720,6,1.4894110248424113,22949555200,23362273280,0,0,0
2,1,2048,False,2,disabled,GPU-7595108b-553d-3126-385e-30133180c720,7,1.4685105858370662,22949555200,23362273280,0,0,0
2,1,2048,False,2,disabled,GPU-7595108b-553d-3126-385e-30133180c720,8,1.5453732018359005,22949555200,23362273280,0,0,0
2,1,2048,False,2,disabled,GPU-7595108b-553d-3126-385e-30133180c720,9,1.43611741787754,22949555200,23362273280,0,0,0
2,1,2048,False,2,disabled,GPU-7595108b-553d-3126-385e-30133180c720,10,1.438870695186779,22949555200,23362273280,0,0,0
2,1,2048,False,2,disabled,GPU-7595108b-553d-3126-385e-30133180c720,11,1.4401732780970633,22949555200,23362273280,0,0,0
2,1,2048,False,2,disabled,GPU-7595108b-553d-3126-385e-30133180c720,12,1.4433449159841985,22949555200,23362273280,0,0,0
2,0,2048,False,2,1,GPU-5e2e1f94-e88e-48e3-247d-328b52fc68db,3,1.4710906480904669,22450302464,23853006848,71,2084569088,499122176
2,0,2048,False,2,1,GPU-5e2e1f94-e88e-48e3-247d-328b52fc68db,4,1.4849930270574987,22450433536,23853006848,71,2084569088,499122176
2,0,2048,False,2,1,GPU-5e2e1f94-e88e-48e3-247d-328b52fc68db,5,1.4819327560253441,22450433536,23853006848,71,2084569088,499122176
2,0,2048,False,2,1,GPU-5e2e1f94-e88e-48e3-247d-328b52fc68db,6,1.51894471491687,22449384960,23853006848,71,2084569088,499122176
2,0,2048,False,2,1,GPU-5e2e1f94-e88e-48e3-247d-328b52fc68db,7,1.5494240690022707,22449384960,23853006848,71,2084569088,499122176
2,0,2048,False,2,1,GPU-5e2e1f94-e88e-48e3-247d-328b52fc68db,8,1.4527121200226247,22449384960,23853006848,71,2084569088,499122176
2,0,2048,False,2,1,GPU-5e2e1f94-e88e-48e3-247d-328b52fc68db,9,1.5173355350270867,22450433536,23853006848,71,2084569088,499122176
2,0,2048,False,2,1,GPU-5e2e1f94-e88e-48e3-247d-328b52fc68db,10,1.5357931449543685,22450433024,23853006848,71,2084569088,499122176
2,0,2048,False,2,1,GPU-5e2e1f94-e88e-48e3-247d-328b52fc68db,11,1.4590780129656196,22449384960,23853006848,71,2084569088,499122176
2,0,2048,False,2,1,GPU-5e2e1f94-e88e-48e3-247d-328b52fc68db,12,1.5169262550771236,22450433536,23853006848,71,2084569088,499122176
2,1,2048,False,2,1,GPU-7595108b-553d-3126-385e-30133180c720,3,1.4703891491517425,22450301952,23853006848,71,2084569088,499122176
2,1,2048,False,2,1,GPU-7595108b-553d-3126-385e-30133180c720,4,1.4860775619745255,22450433536,23853006848,71,2084569088,499122176
2,1,2048,False,2,1,GPU-7595108b-553d-3126-385e-30133180c720,5,1.481713426997885,22449384960,23853006848,71,2084569088,499122176
2,1,2048,False,2,1,GPU-7595108b-553d-3126-385e-30133180c720,6,1.5210122568532825,22449384960,23853006848,71,2084569088,499122176
2,1,2048,False,2,1,GPU-7595108b-553d-3126-385e-30133180c720,7,1.5500873341225088,22449384960,23853006848,71,2084569088,499122176
2,1,2048,False,2,1,GPU-7595108b-553d-3126-385e-30133180c720,8,1.4522316469810903,22450301952,23853006848,71,2084569088,499122176
2,1,2048,False,2,1,GPU-7595108b-553d-3126-385e-30133180c720,9,1.5170717530418187,22450433536,23853006848,71,2084569088,499122176
2,1,2048,False,2,1,GPU-7595108b-553d-3126-385e-30133180c720,10,1.535501561127603,22450431488,23853006848,71,2084569088,499122176
2,1,2048,False,2,1,GPU-7595108b-553d-3126-385e-30133180c720,11,1.4600001049693674,22450301952,23853006848,71,2084569088,499122176
2,1,2048,False,2,1,GPU-7595108b-553d-3126-385e-30133180c720,12,1.5145923770032823,22450433536,23853006848,71,2084569088,499122176
