seq_length,repeat,offload,fraction,measured_step,step_ms,peak_allocated_bytes,peak_reserved_bytes,end_forward_allocated_bytes,steady_offloaded_groups,selected_offload_bytes,bitwise_equal
2048,1,False,1.0,1,34.112040186300874,1336729088,1476395008,1126488064,0,0,reference
2048,1,False,1.0,2,32.56087005138397,1336729088,1476395008,1126488064,0,0,reference
2048,1,False,1.0,3,43.69445005431771,1336729088,1476395008,1126488064,0,0,reference
2048,1,False,1.0,4,31.012888066470623,1336729088,1476395008,1126488064,0,0,reference
2048,1,False,1.0,5,31.212598085403442,1336729088,1476395008,1126488064,0,0,reference
2048,1,False,1.0,6,31.735880998894572,1336729088,1476395008,1126488064,0,0,reference
2048,1,False,1.0,7,32.02254208736122,1336729088,1476395008,1126488064,0,0,reference
2048,1,False,1.0,8,32.94936800375581,1336729088,1476395008,1126488064,0,0,reference
2048,1,False,1.0,9,32.96650596894324,1336729088,1476395008,1126488064,0,0,reference
2048,1,False,1.0,10,32.400992000475526,1336729088,1476395008,1126488064,0,0,reference
2048,1,True,0.0,1,32.6871769502759,1336729600,1358954496,1126488576,0,0,True
2048,1,True,0.0,2,31.073499005287886,1336729600,1358954496,1126488576,0,0,True
2048,1,True,0.0,3,31.825528014451265,1336729600,1358954496,1126488576,0,0,True
2048,1,True,0.0,4,31.949313124641776,1336729600,1358954496,1126488576,0,0,True
2048,1,True,0.0,5,32.768656965345144,1336729600,1358954496,1126488576,0,0,True
2048,1,True,0.0,6,31.70820395462215,1336729600,1358954496,1126488576,0,0,True
2048,1,True,0.0,7,30.64852999523282,1336729600,1358954496,1126488576,0,0,True
2048,1,True,0.0,8,31.877331901341677,1336729600,1358954496,1126488576,0,0,True
2048,1,True,0.0,9,30.78652103431523,1336729600,1358954496,1126488576,0,0,True
2048,1,True,0.0,10,30.35307303071022,1336729600,1358954496,1126488576,0,0,True
2048,1,True,0.5,1,38.55826403014362,1219289088,1363148800,1009048064,2,117440512,True
2048,1,True,0.5,2,36.36789997108281,1219289088,1363148800,1009048064,2,117440512,True
2048,1,True,0.5,3,35.972825018689036,1219289088,1363148800,1009048064,2,117440512,True
2048,1,True,0.5,4,36.81530710309744,1219289088,1363148800,1009048064,2,117440512,True
2048,1,True,0.5,5,37.42835810407996,1219289088,1363148800,1009048064,2,117440512,True
2048,1,True,0.5,6,37.39060717634857,1219289088,1363148800,1009048064,2,117440512,True
2048,1,True,0.5,7,35.70677083916962,1219289088,1363148800,1009048064,2,117440512,True
2048,1,True,0.5,8,35.60607088729739,1219289088,1363148800,1009048064,2,117440512,True
2048,1,True,0.5,9,36.398901138454676,1219289088,1363148800,1009048064,2,117440512,True
2048,1,True,0.5,10,37.07619709894061,1219289088,1363148800,1009048064,2,117440512,True
2048,1,True,1.0,1,41.38218401931226,1160568832,1312817152,950327808,3,176160768,True
2048,1,True,1.0,2,41.18344513699412,1160568832,1312817152,950327808,3,176160768,True
2048,1,True,1.0,3,41.6096500121057,1160568832,1312817152,950327808,3,176160768,True
2048,1,True,1.0,4,41.754729114472866,1160568832,1312817152,950327808,3,176160768,True
2048,1,True,1.0,5,41.58099298365414,1160568832,1312817152,950327808,3,176160768,True
2048,1,True,1.0,6,41.530502028763294,1160568832,1312817152,950327808,3,176160768,True
2048,1,True,1.0,7,41.4610740263015,1160568832,1312817152,950327808,3,176160768,True
2048,1,True,1.0,8,41.63639200851321,1160568832,1312817152,950327808,3,176160768,True
2048,1,True,1.0,9,41.44146293401718,1160568832,1312817152,950327808,3,176160768,True
2048,1,True,1.0,10,41.78786789998412,1160568832,1312817152,950327808,3,176160768,True
2048,2,False,1.0,1,30.772218015044928,1336729088,1459617792,1126488064,0,0,reference
2048,2,False,1.0,2,31.480582896620035,1336729088,1459617792,1126488064,0,0,reference
2048,2,False,1.0,3,31.604193150997162,1336729088,1459617792,1126488064,0,0,reference
2048,2,False,1.0,4,31.640023924410343,1336729088,1459617792,1126488064,0,0,reference
2048,2,False,1.0,5,31.260058050975204,1336729088,1459617792,1126488064,0,0,reference
2048,2,False,1.0,6,32.47302700765431,1336729088,1459617792,1126488064,0,0,reference
2048,2,False,1.0,7,32.69855794496834,1336729088,1459617792,1126488064,0,0,reference
2048,2,False,1.0,8,31.705988803878427,1336729088,1459617792,1126488064,0,0,reference
2048,2,False,1.0,9,32.699100906029344,1336729088,1459617792,1126488064,0,0,reference
2048,2,False,1.0,10,33.26383884996176,1336729088,1459617792,1126488064,0,0,reference
2048,2,True,0.0,1,37.12550597265363,1336729600,1358954496,1126488576,0,0,True
2048,2,True,0.0,2,37.175670033320785,1336729600,1358954496,1126488576,0,0,True
2048,2,True,0.0,3,36.02858795784414,1336729600,1358954496,1126488576,0,0,True
2048,2,True,0.0,4,35.427020164206624,1336729600,1358954496,1126488576,0,0,True
2048,2,True,0.0,5,45.8053641486913,1336729600,1358954496,1126488576,0,0,True
2048,2,True,0.0,6,46.40718293376267,1336729600,1358954496,1126488576,0,0,True
2048,2,True,0.0,7,35.884864861145616,1336729600,1358954496,1126488576,0,0,True
2048,2,True,0.0,8,39.82313699088991,1336729600,1358954496,1126488576,0,0,True
2048,2,True,0.0,9,41.63814592175186,1336729600,1358954496,1126488576,0,0,True
2048,2,True,0.0,10,40.93157802708447,1336729600,1358954496,1126488576,0,0,True
2048,2,True,0.5,1,46.3487368542701,1219289088,1396703232,1009048064,2,117440512,True
2048,2,True,0.5,2,44.946288922801614,1219289088,1396703232,1009048064,2,117440512,True
2048,2,True,0.5,3,40.562387788668275,1219289088,1396703232,1009048064,2,117440512,True
2048,2,True,0.5,4,42.03870799392462,1219289088,1396703232,1009048064,2,117440512,True
2048,2,True,0.5,5,48.07992605492473,1219289088,1396703232,1009048064,2,117440512,True
2048,2,True,0.5,6,46.674055978655815,1219289088,1396703232,1009048064,2,117440512,True
2048,2,True,0.5,7,46.160976868122816,1219289088,1396703232,1009048064,2,117440512,True
2048,2,True,0.5,8,39.61184504441917,1219289088,1396703232,1009048064,2,117440512,True
2048,2,True,0.5,9,39.99233618378639,1219289088,1396703232,1009048064,2,117440512,True
2048,2,True,0.5,10,39.867626037448645,1219289088,1396703232,1009048064,2,117440512,True
2048,2,True,1.0,1,59.414854971691966,1160568832,1312817152,950327808,3,176160768,True
2048,2,True,1.0,2,59.471664018929005,1160568832,1312817152,950327808,3,176160768,True
2048,2,True,1.0,3,62.28510313667357,1160568832,1312817152,950327808,3,176160768,True
2048,2,True,1.0,4,57.70756700076163,1160568832,1312817152,950327808,3,176160768,True
2048,2,True,1.0,5,59.89668983966112,1160568832,1312817152,950327808,3,176160768,True
2048,2,True,1.0,6,59.250792022794485,1160568832,1312817152,950327808,3,176160768,True
2048,2,True,1.0,7,62.097504967823625,1160568832,1312817152,950327808,3,176160768,True
2048,2,True,1.0,8,61.365871923044324,1160568832,1312817152,950327808,3,176160768,True
2048,2,True,1.0,9,57.24513693712652,1160568832,1312817152,950327808,3,176160768,True
2048,2,True,1.0,10,59.25643700174987,1160568832,1312817152,950327808,3,176160768,True
2048,3,False,1.0,1,31.400709878653288,1336729088,1459617792,1126488064,0,0,reference
2048,3,False,1.0,2,30.615472933277488,1336729088,1459617792,1126488064,0,0,reference
2048,3,False,1.0,3,30.69631103426218,1336729088,1459617792,1126488064,0,0,reference
2048,3,False,1.0,4,30.77708906494081,1336729088,1459617792,1126488064,0,0,reference
2048,3,False,1.0,5,30.41101898998022,1336729088,1459617792,1126488064,0,0,reference
2048,3,False,1.0,6,31.55810688622296,1336729088,1459617792,1126488064,0,0,reference
2048,3,False,1.0,7,30.656791059300303,1336729088,1459617792,1126488064,0,0,reference
2048,3,False,1.0,8,31.744081061333418,1336729088,1459617792,1126488064,0,0,reference
2048,3,False,1.0,9,30.056911054998636,1336729088,1459617792,1126488064,0,0,reference
2048,3,False,1.0,10,30.90658993460238,1336729088,1459617792,1126488064,0,0,reference
2048,3,True,0.0,1,33.6546441540122,1336729600,1358954496,1126488576,0,0,True
2048,3,True,0.0,2,32.5864830520004,1336729600,1358954496,1126488576,0,0,True
2048,3,True,0.0,3,32.103320118039846,1336729600,1358954496,1126488576,0,0,True
2048,3,True,0.0,4,31.968581955879927,1336729600,1358954496,1126488576,0,0,True
2048,3,True,0.0,5,31.167190987616777,1336729600,1358954496,1126488576,0,0,True
2048,3,True,0.0,6,30.51911504007876,1336729600,1358954496,1126488576,0,0,True
2048,3,True,0.0,7,31.31804894655943,1336729600,1358954496,1126488576,0,0,True
2048,3,True,0.0,8,31.350495060905814,1336729600,1358954496,1126488576,0,0,True
2048,3,True,0.0,9,31.47146082483232,1336729600,1358954496,1126488576,0,0,True
2048,3,True,0.0,10,31.155575066804886,1336729600,1358954496,1126488576,0,0,True
2048,3,True,0.5,1,44.602381996810436,1219289088,1363148800,1009048064,2,117440512,True
2048,3,True,0.5,2,45.35848298110068,1219289088,1363148800,1009048064,2,117440512,True
2048,3,True,0.5,3,45.04009522497654,1219289088,1363148800,1009048064,2,117440512,True
2048,3,True,0.5,4,44.69036194495857,1219289088,1363148800,1009048064,2,117440512,True
2048,3,True,0.5,5,46.02100607007742,1219289088,1363148800,1009048064,2,117440512,True
2048,3,True,0.5,6,43.00220380537212,1219289088,1363148800,1009048064,2,117440512,True
2048,3,True,0.5,7,42.68383514136076,1219289088,1363148800,1009048064,2,117440512,True
2048,3,True,0.5,8,44.56791514530778,1219289088,1363148800,1009048064,2,117440512,True
2048,3,True,0.5,9,46.677319798618555,1219289088,1363148800,1009048064,2,117440512,True
2048,3,True,0.5,10,44.178149895742536,1219289088,1363148800,1009048064,2,117440512,True
2048,3,True,1.0,1,41.83480399660766,1160568832,1312817152,950327808,3,176160768,True
2048,3,True,1.0,2,41.83503799140453,1160568832,1312817152,950327808,3,176160768,True
2048,3,True,1.0,3,43.28021686524153,1160568832,1312817152,950327808,3,176160768,True
2048,3,True,1.0,4,46.64276400581002,1160568832,1312817152,950327808,3,176160768,True
2048,3,True,1.0,5,42.83994389697909,1160568832,1312817152,950327808,3,176160768,True
2048,3,True,1.0,6,43.11157786287367,1160568832,1312817152,950327808,3,176160768,True
2048,3,True,1.0,7,41.53278190642595,1160568832,1312817152,950327808,3,176160768,True
2048,3,True,1.0,8,41.51442600414157,1160568832,1312817152,950327808,3,176160768,True
2048,3,True,1.0,9,41.61393106915057,1160568832,1312817152,950327808,3,176160768,True
2048,3,True,1.0,10,41.856384836137295,1160568832,1312817152,950327808,3,176160768,True
4096,1,False,1.0,1,57.99581087194383,2382716416,2682257408,1979013120,0,0,reference
4096,1,False,1.0,2,58.04387596435845,2382716416,2682257408,1979013120,0,0,reference
4096,1,False,1.0,3,58.15235385671258,2382716416,2682257408,1979013120,0,0,reference
4096,1,False,1.0,4,58.223510859534144,2382716416,2682257408,1979013120,0,0,reference
4096,1,False,1.0,5,58.275562012568116,2382716416,2682257408,1979013120,0,0,reference
4096,1,False,1.0,6,58.26815403997898,2382716416,2682257408,1979013120,0,0,reference
4096,1,False,1.0,7,58.48409584723413,2382716416,2682257408,1979013120,0,0,reference
4096,1,False,1.0,8,58.15650802105665,2382716416,2682257408,1979013120,0,0,reference
4096,1,False,1.0,9,58.226484805345535,2382716416,2682257408,1979013120,0,0,reference
4096,1,False,1.0,10,58.112440165132284,2382716416,2682257408,1979013120,0,0,reference
4096,1,True,0.0,1,58.628070866689086,2382716928,2413821952,1979013632,0,0,True
4096,1,True,0.0,2,58.769135968759656,2382716928,2413821952,1979013632,0,0,True
4096,1,True,0.0,3,58.72821691446006,2382716928,2413821952,1979013632,0,0,True
4096,1,True,0.0,4,58.09073895215988,2382716928,2413821952,1979013632,0,0,True
4096,1,True,0.0,5,58.27261903323233,2382716928,2413821952,1979013632,0,0,True
4096,1,True,0.0,6,57.83620220609009,2382716928,2413821952,1979013632,0,0,True
4096,1,True,0.0,7,57.92519496753812,2382716928,2413821952,1979013632,0,0,True
4096,1,True,0.0,8,58.18933085538447,2382716928,2413821952,1979013632,0,0,True
4096,1,True,0.0,9,58.29358007758856,2382716928,2413821952,1979013632,0,0,True
4096,1,True,0.0,10,58.312084060162306,2382716928,2413821952,1979013632,0,0,True
4096,1,True,0.5,1,69.56623983569443,2147835904,2413821952,1744132608,2,234881024,True
4096,1,True,0.5,2,69.07196110114455,2147835904,2413821952,1744132608,2,234881024,True
4096,1,True,0.5,3,69.25538182258606,2147835904,2413821952,1744132608,2,234881024,True
4096,1,True,0.5,4,69.6396550629288,2147835904,2413821952,1744132608,2,234881024,True
4096,1,True,0.5,5,69.10825008526444,2147835904,2413821952,1744132608,2,234881024,True
4096,1,True,0.5,6,69.65018808841705,2147835904,2413821952,1744132608,2,234881024,True
4096,1,True,0.5,7,68.81611282005906,2147835904,2413821952,1744132608,2,234881024,True
4096,1,True,0.5,8,68.98731784895062,2147835904,2413821952,1744132608,2,234881024,True
4096,1,True,0.5,9,69.25423815846443,2147835904,2413821952,1744132608,2,234881024,True
4096,1,True,0.5,10,68.73028702102602,2147835904,2413821952,1744132608,2,234881024,True
4096,1,True,1.0,1,110.05079909227788,2030395392,2229272576,1626692096,3,352321536,True
4096,1,True,1.0,2,110.36350787617266,2030395392,2229272576,1626692096,3,352321536,True
4096,1,True,1.0,3,107.70148481242359,2030395392,2229272576,1626692096,3,352321536,True
4096,1,True,1.0,4,99.56367616541684,2030395392,2229272576,1626692096,3,352321536,True
4096,1,True,1.0,5,83.92744208686054,2030395392,2229272576,1626692096,3,352321536,True
4096,1,True,1.0,6,84.00785899721086,2030395392,2229272576,1626692096,3,352321536,True
4096,1,True,1.0,7,83.60260701738298,2030395392,2229272576,1626692096,3,352321536,True
4096,1,True,1.0,8,82.77875394560397,2030395392,2229272576,1626692096,3,352321536,True
4096,1,True,1.0,9,82.53240981139243,2030395392,2229272576,1626692096,3,352321536,True
4096,1,True,1.0,10,82.63605600222945,2030395392,2229272576,1626692096,3,352321536,True
4096,2,False,1.0,1,58.2758029922843,2382716416,2413821952,1979013120,0,0,reference
4096,2,False,1.0,2,57.92027898132801,2382716416,2413821952,1979013120,0,0,reference
4096,2,False,1.0,3,57.833496015518904,2382716416,2413821952,1979013120,0,0,reference
4096,2,False,1.0,4,57.9153320286423,2382716416,2413821952,1979013120,0,0,reference
4096,2,False,1.0,5,58.3003768697381,2382716416,2413821952,1979013120,0,0,reference
4096,2,False,1.0,6,57.69521906040609,2382716416,2413821952,1979013120,0,0,reference
4096,2,False,1.0,7,57.67385894432664,2382716416,2413821952,1979013120,0,0,reference
4096,2,False,1.0,8,58.07045102119446,2382716416,2413821952,1979013120,0,0,reference
4096,2,False,1.0,9,57.70373879931867,2382716416,2413821952,1979013120,0,0,reference
4096,2,False,1.0,10,57.82456090673804,2382716416,2413821952,1979013120,0,0,reference
4096,2,True,0.0,1,58.19380399771035,2382716928,2413821952,1979013632,0,0,True
4096,2,True,0.0,2,58.49274597130716,2382716928,2413821952,1979013632,0,0,True
4096,2,True,0.0,3,58.17719898186624,2382716928,2413821952,1979013632,0,0,True
4096,2,True,0.0,4,57.7860560733825,2382716928,2413821952,1979013632,0,0,True
4096,2,True,0.0,5,57.951748138293624,2382716928,2413821952,1979013632,0,0,True
4096,2,True,0.0,6,58.29374887980521,2382716928,2413821952,1979013632,0,0,True
4096,2,True,0.0,7,57.78945400379598,2382716928,2413821952,1979013632,0,0,True
4096,2,True,0.0,8,57.79173597693443,2382716928,2413821952,1979013632,0,0,True
4096,2,True,0.0,9,58.05742600932717,2382716928,2413821952,1979013632,0,0,True
4096,2,True,0.0,10,58.067786041647196,2382716928,2413821952,1979013632,0,0,True
4096,2,True,0.5,1,69.19711106456816,2147835904,2413821952,1744132608,2,234881024,True
4096,2,True,0.5,2,69.01059811934829,2147835904,2413821952,1744132608,2,234881024,True
4096,2,True,0.5,3,68.6205280944705,2147835904,2413821952,1744132608,2,234881024,True
4096,2,True,0.5,4,68.64314107224345,2147835904,2413821952,1744132608,2,234881024,True
4096,2,True,0.5,5,68.73344001360238,2147835904,2413821952,1744132608,2,234881024,True
4096,2,True,0.5,6,69.18132887221873,2147835904,2413821952,1744132608,2,234881024,True
4096,2,True,0.5,7,68.50937916897237,2147835904,2413821952,1744132608,2,234881024,True
4096,2,True,0.5,8,68.58199113048613,2147835904,2413821952,1744132608,2,234881024,True
4096,2,True,0.5,9,68.7157481443137,2147835904,2413821952,1744132608,2,234881024,True
4096,2,True,0.5,10,69.22079296782613,2147835904,2413821952,1744132608,2,234881024,True
4096,2,True,1.0,1,82.75711513124406,2030395392,2296381440,1626692096,3,352321536,True
4096,2,True,1.0,2,82.33852894045413,2030395392,2296381440,1626692096,3,352321536,True
4096,2,True,1.0,3,82.61320693418384,2030395392,2296381440,1626692096,3,352321536,True
4096,2,True,1.0,4,83.05798890069127,2030395392,2296381440,1626692096,3,352321536,True
4096,2,True,1.0,5,82.35828508622944,2030395392,2296381440,1626692096,3,352321536,True
4096,2,True,1.0,6,82.6961169950664,2030395392,2296381440,1626692096,3,352321536,True
4096,2,True,1.0,7,82.53553393296897,2030395392,2296381440,1626692096,3,352321536,True
4096,2,True,1.0,8,82.69694494083524,2030395392,2296381440,1626692096,3,352321536,True
4096,2,True,1.0,9,82.2288878262043,2030395392,2296381440,1626692096,3,352321536,True
4096,2,True,1.0,10,82.6505171135068,2030395392,2296381440,1626692096,3,352321536,True
4096,3,False,1.0,1,58.019143994897604,2382716416,2413821952,1979013120,0,0,reference
4096,3,False,1.0,2,58.285433100536466,2382716416,2413821952,1979013120,0,0,reference
4096,3,False,1.0,3,59.121189871802926,2382716416,2413821952,1979013120,0,0,reference
4096,3,False,1.0,4,58.35262383334339,2382716416,2413821952,1979013120,0,0,reference
4096,3,False,1.0,5,58.63462411798537,2382716416,2413821952,1979013120,0,0,reference
4096,3,False,1.0,6,58.20570490323007,2382716416,2413821952,1979013120,0,0,reference
4096,3,False,1.0,7,58.408094104379416,2382716416,2413821952,1979013120,0,0,reference
4096,3,False,1.0,8,57.74143896996975,2382716416,2413821952,1979013120,0,0,reference
4096,3,False,1.0,9,57.8821471426636,2382716416,2413821952,1979013120,0,0,reference
4096,3,False,1.0,10,63.856384018436074,2382716416,2413821952,1979013120,0,0,reference
4096,3,True,0.0,1,59.56368590705097,2382716928,2413821952,1979013632,0,0,True
4096,3,True,0.0,2,60.89459406211972,2382716928,2413821952,1979013632,0,0,True
4096,3,True,0.0,3,58.67642513476312,2382716928,2413821952,1979013632,0,0,True
4096,3,True,0.0,4,59.252251172438264,2382716928,2413821952,1979013632,0,0,True
4096,3,True,0.0,5,59.08891302533448,2382716928,2413821952,1979013632,0,0,True
4096,3,True,0.0,6,58.909449027851224,2382716928,2413821952,1979013632,0,0,True
4096,3,True,0.0,7,59.08011202700436,2382716928,2413821952,1979013632,0,0,True
4096,3,True,0.0,8,58.571513975039124,2382716928,2413821952,1979013632,0,0,True
4096,3,True,0.0,9,58.48847795277834,2382716928,2413821952,1979013632,0,0,True
4096,3,True,0.0,10,58.2577099557966,2382716928,2413821952,1979013632,0,0,True
4096,3,True,0.5,1,69.98694990761578,2147835904,2413821952,1744132608,2,234881024,True
4096,3,True,0.5,2,70.6490040756762,2147835904,2413821952,1744132608,2,234881024,True
4096,3,True,0.5,3,72.57219194434583,2147835904,2413821952,1744132608,2,234881024,True
4096,3,True,0.5,4,88.41420104727149,2147835904,2413821952,1744132608,2,234881024,True
4096,3,True,0.5,5,82.75611489079893,2147835904,2413821952,1744132608,2,234881024,True
4096,3,True,0.5,6,84.47747305035591,2147835904,2413821952,1744132608,2,234881024,True
4096,3,True,0.5,7,89.94090603664517,2147835904,2413821952,1744132608,2,234881024,True
4096,3,True,0.5,8,89.68016598373652,2147835904,2413821952,1744132608,2,234881024,True
4096,3,True,0.5,9,91.48995508439839,2147835904,2413821952,1744132608,2,234881024,True
4096,3,True,0.5,10,92.06611989066005,2147835904,2413821952,1744132608,2,234881024,True
4096,3,True,1.0,1,105.79936602152884,2030395392,2229272576,1626692096,3,352321536,True
4096,3,True,1.0,2,105.85226188413799,2030395392,2229272576,1626692096,3,352321536,True
4096,3,True,1.0,3,113.55646094307303,2030395392,2229272576,1626692096,3,352321536,True
4096,3,True,1.0,4,109.61776389740407,2030395392,2229272576,1626692096,3,352321536,True
4096,3,True,1.0,5,110.92116101644933,2030395392,2229272576,1626692096,3,352321536,True
4096,3,True,1.0,6,113.13701304607093,2030395392,2229272576,1626692096,3,352321536,True
4096,3,True,1.0,7,112.14779992587864,2030395392,2229272576,1626692096,3,352321536,True
4096,3,True,1.0,8,112.15045698918402,2030395392,2229272576,1626692096,3,352321536,True
4096,3,True,1.0,9,106.96159512735903,2030395392,2229272576,1626692096,3,352321536,True
4096,3,True,1.0,10,109.27138198167086,2030395392,2229272576,1626692096,3,352321536,True
