fullpp_base_dp1_pp8_tp1_v256k_s2k,128,2048,3072,256000,32,12288,24,1,8,1,4,1,base,1,6.25,5914.169967,4.4,11051.9,7272.9,11722.2,1.06E+01,8726.225098,26256.83301,30156,10572 10591 10475 10725 10360 10444 10381 36818,25185 21108 20737 21143 20805 21030 20827 52363,0 0 0 0 0 0 0 0,0 0 0 0 0 0 0 0,0 0 0 0 0 0 0 0,0 0 0 0 0 0 0 0,,80.72,57.20%,5,017.02,927.57,,-0.30,65.23,,188.61,263882790666240,263882790666240,263882790666240,263882790666240,263882790666240,263882790666240,263882790666240,676199651082240,,,,,,,,,,,,,,,,,,,,,,,,,,,527765581332480,527765581332480,527765581332480,527765581332480,527765581332480,527765581332480,527765581332480,1.3524E+15,,,,,,,,,,,,,,,,,,,,,,,,,,,0,0,0,0,0,0,0,0,,,,,,,,,,,,,,,,,,,,,,,,,,,195,195,197,192,199,197,199,143,,,,,,,,,,,,,,,,,,,,,,,,,,,164,195,199,195,198,196,198,202,,,,,,,,,,,,,,,,,,,,,,,,,,,,,,,,,,,,,,,,,,,,,,,,,,,,,,,,,,,,,,,,,,,,,,,,,,,,,,,,,,,,
fullpp_redis_dp1_pp8_tp1_v256k_s2k,128,2048,3072,256000,32,12288,24,1,8,1,0,1,redis,1,6.25,5914.169967,4.4,11051.9,7272.9,7599.2,1.06E+01,10863.27393,26256.83301,30156,10627 10656 10606 13501 13327 13257 13200 26019,25401 21220 20851 26906 26392 26589 26431 30535,0 0 0 0 0 0 0 0,0 0 0 0 0 0 0 0,0 0 0 0 0 0 0 0,0 0 0 0 0 0 0 0,,124.52,33.57%,5,048.29,,,,,,187.44,263882790666240,263882790666240,263882790666240,329853488332800,329853488332800,329853488332800,329853488332800,412316860416000,,,,,,,,,,,,,,,,,,,,,,,,,,,527765581332480,527765581332480,527765581332480,659706976665600,659706976665600,659706976665600,659706976665600,824633720832000,,,,,,,,,,,,,,,,,,,,,,,,,,,0,0,0,0,0,0,0,0,,,,,,,,,,,,,,,,,,,,,,,,,,,194,193,194,191,193,194,195,124,,,,,,,,,,,,,,,,,,,,,,,,,,,162,194,198,192,195,194,195,211,,,,,,,,,,,,,,,,,,,,,,,,,,,,,,,,,,,,,,,,,,,,,,,,,,,,,,,,,,,,,,,,,,,,,,,,,,,,,,,,,,,,
fullpp_vocab_dp1_pp8_tp1_v256k_s2k,128,2048,3072,256000,32,12288,24,1,8,1,4,1,vocab,1,6.25,5914.169967,4.4,11051.9,8182.0,5951.1,1.06E+01,12471.5,18210.29346,20340,10936 11477 11316 11010 11362 11428 11847 11108,22897 22352 22288 23214 21963 22527 22633 22210,8376 8387 8339 8527 8301 8418 8366 8135,569 408 425 419 498 572 525 532,710 786 792 803 789 798 794 864,352 352 352 352 352 352 352 352,,159.01,6.52%,5,563.22,1,069.58,86.72%,63.17,101.38,39.46%,170.09,263882790666240,263882790666240,263882790666240,263882790666240,263882790666240,263882790666240,263882790666240,263882790666240,,,,,,,,,,,,,,,,,,,,,,,,,,,527765581332480,527765581332480,527765581332480,527765581332480,527765581332480,527765581332480,527765581332480,527765581332480,,,,,,,,,,,,,,,,,,,,,,,,,,,154618822656000,154618822656000,154618822656000,154618822656000,154618822656000,154618822656000,154618822656000,154618822656000,,,,,,,,,,,,,,,,,,,,,,,,,,,189,180,182,187,181,180,174,186,,,,,,,,,,,,,,,,,,,,,,,,,,,180,184,185,178,188,183,182,186,,,,,,,,,,,,,,,,,,,,,,,,,,,144,144,145,142,146,143,144,148,,,,,,,,,,,,,,,,,,,,,,,,,,,,,,,,,,,,,,,,,,,,,,,,,,
fullpp_synctwice_dp1_pp8_tp1_v256k_s2k,128,2048,3072,256000,32,12288,24,1,8,1,4,1,synctwice,1,6.25,5914.169967,4.4,11051.9,9091.2,5900.3,1.06E+01,12942.0752,19031.24365,20932,10944 11488 11338 11030 11279 11379 11854 11096,22835 22310 22200 23100 21956 22516 22678 22276,7947 7964 7920 8103 7879 8011 7960 7717,519 408 426 414 437 455 491 529,709 786 791 803 789 797 794 865,346 346 346 346 346 346 346 346,,160.38,6.77%,5,500.69,1,016.02,91.29%,58.86,101.34,40.53%,172.03,263882790666240,263882790666240,263882790666240,263882790666240,263882790666240,263882790666240,263882790666240,263882790666240,,,,,,,,,,,,,,,,,,,,,,,,,,,527765581332480,527765581332480,527765581332480,527765581332480,527765581332480,527765581332480,527765581332480,527765581332480,,,,,,,,,,,,,,,,,,,,,,,,,,,154618822656000,154618822656000,154618822656000,154618822656000,154618822656000,154618822656000,154618822656000,154618822656000,,,,,,,,,,,,,,,,,,,,,,,,,,,188,179,182,187,183,181,174,186,,,,,,,,,,,,,,,,,,,,,,,,,,,181,185,186,178,188,183,182,185,,,,,,,,,,,,,,,,,,,,,,,,,,,152,152,153,149,153,151,152,157,,,,,,,,,,,,,,,,,,,,,,,,,,,,,,,,,,,,,,,,,,,,,,,,,,
fullpp_interlaced_dp1_pp8_tp1_v256k_s2k,128,2048,3072,256000,32,12288,24,1,8,1,4,1,interlaced,1,6.25,5914.169967,4.4,11051.9,10909.4,5807.6,1.06E+01,14795.20361,20653.16357,22520,10911 10784 10674 10942 10678 10777 10760 10787,22100 21963 21626 22266 21641 21922 21800 22028,8341 8193 8073 7919 7743 7691 7605 8467,545 565 601 605 508 518 530 569,767 843 844 861 842 848 851 932,360 360 360 360 360 360 360 360,,162.94,7.18%,5,390.72,973.44,95.29%,65.02,98.18,39.78%,175.54,263882790666240,263882790666240,263882790666240,263882790666240,263882790666240,263882790666240,263882790666240,263882790666240,,,,,,,,,,,,,,,,,,,,,,,,,,,527765581332480,527765581332480,527765581332480,527765581332480,527765581332480,527765581332480,527765581332480,527765581332480,,,,,,,,,,,,,,,,,,,,,,,,,,,154618822656000,154618822656000,154618822656000,154618822656000,154618822656000,154618822656000,154618822656000,154618822656000,,,,,,,,,,,,,,,,,,,,,,,,,,,189,191,193,188,193,191,192,191,,,,,,,,,,,,,,,,,,,,,,,,,,,187,188,191,185,191,188,189,187,,,,,,,,,,,,,,,,,,,,,,,,,,,145,147,150,153,156,157,159,143,,,,,,,,,,,,,,,,,,,,,,,,,,,,,,,,,,,,,,,,,,,,,,,,,,
fullpp_base_dp1_pp8_tp1_v128k_s2k,128,2048,3072,128000,32,12288,24,1,8,1,4,1,base,1,3.125,5430.986146,4.0,10068.2,7272.9,8202.6,9.95E+00,8726.225098,19711.75146,22698,10599 10616 10637 10612 10352 10540 10470 24152,23338 20978 20968 21162 20785 21242 21067 37615,0 0 0 0 0 0 0 0,0 0 0 0 0 0 0 0,0 0 0 0 0 0 0 0,0 0 0 0 0 0 0 0,,105.94,44.38%,4,562.13,483.68,,-0.27,37.76,,190.47,263882790666240,263882790666240,263882790666240,263882790666240,263882790666240,263882790666240,263882790666240,470041220874240,,,,,,,,,,,,,,,,,,,,,,,,,,,527765581332480,527765581332480,527765581332480,527765581332480,527765581332480,527765581332480,527765581332480,940082441748480,,,,,,,,,,,,,,,,,,,,,,,,,,,0,0,0,0,0,0,0,0,,,,,,,,,,,,,,,,,,,,,,,,,,,195,194,194,194,199,196,197,152,,,,,,,,,,,,,,,,,,,,,,,,,,,177,197,197,195,198,194,196,195,,,,,,,,,,,,,,,,,,,,,,,,,,,,,,,,,,,,,,,,,,,,,,,,,,,,,,,,,,,,,,,,,,,,,,,,,,,,,,,,,,,,
fullpp_redis_dp1_pp8_tp1_v128k_s2k,128,2048,3072,128000,32,12288,24,1,8,1,2,1,redis,1,3.125,5430.986146,4.0,10068.2,7272.9,6140.6,9.95E+00,10359.98389,19711.75146,22698,10696 10629 10572 10612 10444 13674 13660 18708,23417 21081 20955 21362 20975 27415 27328 26685,0 0 0 0 0 0 0 0,0 0 0 0 0 0 0 0,0 0 0 0 0 0 0 0,0 0 0 0 0 0 0 0,,141.51,24.90%,4,611.41,,,,,,188.44,263882790666240,263882790666240,263882790666240,263882790666240,263882790666240,329853488332800,329853488332800,338099825541120,,,,,,,,,,,,,,,,,,,,,,,,,,,527765581332480,527765581332480,527765581332480,527765581332480,527765581332480,659706976665600,659706976665600,676199651082240,,,,,,,,,,,,,,,,,,,,,,,,,,,0,0,0,0,0,0,0,0,,,,,,,,,,,,,,,,,,,,,,,,,,,193,194,195,194,197,188,189,141,,,,,,,,,,,,,,,,,,,,,,,,,,,176,196,197,193,197,188,189,198,,,,,,,,,,,,,,,,,,,,,,,,,,,,,,,,,,,,,,,,,,,,,,,,,,,,,,,,,,,,,,,,,,,,,,,,,,,,,,,,,,,,
fullpp_vocab_dp1_pp8_tp1_v128k_s2k,128,2048,3072,128000,32,12288,24,1,8,1,4,1,vocab,1,3.125,5430.986146,4.0,10068.2,8182.0,5450.4,9.95E+00,10591.5,16425.79346,18414,10840 11594 11286 10806 11229 11464 11898 11172,22714 21964 21955 22765 21703 22689 22786 22252,4560 4562 4523 4599 4508 4654 4615 4388,392 372 409 375 428 465 477 533,462 537 537 547 540 555 552 626,369 369 369 369 369 369 369 369,,159.43,8.02%,5,013.33,582.54,83.03%,55.22,69.70,30.01%,173.33,263882790666240,263882790666240,263882790666240,263882790666240,263882790666240,263882790666240,263882790666240,263882790666240,,,,,,,,,,,,,,,,,,,,,,,,,,,527765581332480,527765581332480,527765581332480,527765581332480,527765581332480,527765581332480,527765581332480,527765581332480,,,,,,,,,,,,,,,,,,,,,,,,,,,77309411328000,77309411328000,77309411328000,77309411328000,77309411328000,77309411328000,77309411328000,77309411328000,,,,,,,,,,,,,,,,,,,,,,,,,,,190,178,183,191,184,180,173,185,,,,,,,,,,,,,,,,,,,,,,,,,,,182,188,188,181,190,182,181,185,,,,,,,,,,,,,,,,,,,,,,,,,,,132,132,134,131,134,130,131,138,,,,,,,,,,,,,,,,,,,,,,,,,,,,,,,,,,,,,,,,,,,,,,,,,,
fullpp_synctwice_dp1_pp8_tp1_v128k_s2k,128,2048,3072,128000,32,12288,24,1,8,1,4,1,synctwice,1,3.125,5430.986146,4.0,10068.2,9091.2,5438.3,9.95E+00,11314.0752,17246.75146,19294,10858 11599 11263 10827 11205 11381 11906 11143,22678 22018 21900 22710 21708 22615 22743 22289,4314 4318 4289 4357 4255 4386 4358 4128,512 379 470 439 480 468 474 498,466 538 543 549 539 555 553 626,334 334 334 334 334 334 334 334,,159.78,8.40%,4,981.39,550.48,87.87%,59.52,69.90,28.97%,174.44,263882790666240,263882790666240,263882790666240,263882790666240,263882790666240,263882790666240,263882790666240,263882790666240,,,,,,,,,,,,,,,,,,,,,,,,,,,527765581332480,527765581332480,527765581332480,527765581332480,527765581332480,527765581332480,527765581332480,527765581332480,,,,,,,,,,,,,,,,,,,,,,,,,,,77309411328000,77309411328000,77309411328000,77309411328000,77309411328000,77309411328000,77309411328000,77309411328000,,,,,,,,,,,,,,,,,,,,,,,,,,,190,178,183,190,184,181,173,185,,,,,,,,,,,,,,,,,,,,,,,,,,,182,187,188,182,190,182,181,185,,,,,,,,,,,,,,,,,,,,,,,,,,,140,140,141,139,142,138,139,146,,,,,,,,,,,,,,,,,,,,,,,,,,,,,,,,,,,,,,,,,,,,,,,,,,
fullpp_interlaced_dp1_pp8_tp1_v128k_s2k,128,2048,3072,128000,32,12288,24,1,8,1,4,1,interlaced,1,3.125,5430.986146,4.0,10068.2,10909.4,5327.3,9.95E+00,13010.45361,18868.41357,20782,10878 10704 10554 10793 10577 10863 10802 10832,22027 21747 21405 21936 21434 22150 21908 22084,4729 4619 4500 4452 4328 4259 4173 4852,544 542 609 603 587 566 548 587,529 602 605 613 599 614 611 704,333 333 333 333 333 333 333 333,,163.11,8.08%,4,897.10,534.14,90.55%,69.38,67.71,27.35%,177.44,263882790666240,263882790666240,263882790666240,263882790666240,263882790666240,263882790666240,263882790666240,263882790666240,,,,,,,,,,,,,,,,,,,,,,,,,,,527765581332480,527765581332480,527765581332480,527765581332480,527765581332480,527765581332480,527765581332480,527765581332480,,,,,,,,,,,,,,,,,,,,,,,,,,,77309411328000,77309411328000,77309411328000,77309411328000,77309411328000,77309411328000,77309411328000,77309411328000,,,,,,,,,,,,,,,,,,,,,,,,,,,190,193,195,191,195,190,191,190,,,,,,,,,,,,,,,,,,,,,,,,,,,187,190,193,188,192,186,188,187,,,,,,,,,,,,,,,,,,,,,,,,,,,128,131,134,136,140,142,145,124,,,,,,,,,,,,,,,,,,,,,,,,,,,,,,,,,,,,,,,,,,,,,,,,,,
fullpp_base_dp1_pp8_tp1_v64k_s2k,128,2048,3072,64000,32,12288,24,1,8,1,4,1,base,1,1.5625,5189.394235,3.8,9576.4,7272.9,6409.5,9.33E+00,8726.225098,16713.44678,18974,10727 10694 10656 10618 10527 10637 10450 17748,22614 21304 21212 21117 21227 21450 21016 29803,0 0 0 0 0 0 0 0,0 0 0 0 0 0 0 0,0 0 0 0 0 0 0 0,0 0 0 0 0 0 0 0,,129.54,32.15%,4,348.80,257.36,,0.53,20.96,,190.93,263882790666240,263882790666240,263882790666240,263882790666240,263882790666240,263882790666240,263882790666240,366962005770240,,,,,,,,,,,,,,,,,,,,,,,,,,,527765581332480,527765581332480,527765581332480,527765581332480,527765581332480,527765581332480,527765581332480,733924011540480,,,,,,,,,,,,,,,,,,,,,,,,,,,0,0,0,0,0,0,0,0,,,,,,,,,,,,,,,,,,,,,,,,,,,192,193,193,194,196,194,197,162,,,,,,,,,,,,,,,,,,,,,,,,,,,182,194,194,195,194,192,196,192,,,,,,,,,,,,,,,,,,,,,,,,,,,,,,,,,,,,,,,,,,,,,,,,,,,,,,,,,,,,,,,,,,,,,,,,,,,,,,,,,,,,
fullpp_redis_dp1_pp8_tp1_v64k_s2k,128,2048,3072,64000,32,12288,24,1,8,1,3,1,redis,1,1.5625,5189.394235,3.8,9576.4,7272.9,5595.5,9.34E+00,9543.104492,16713.44678,18974,10881 10880 10913 10679 10641 10789 13773 14876,22845 21465 21517 21361 21373 21717 27570 24031,0 0 0 0 0 0 0 0,0 0 0 0 0 0 0 0,0 0 0 0 0 0 0 0,0 0 0 0 0 0 0 0,,148.39,21.28%,4,404.98,,,,,,188.49,263882790666240,263882790666240,263882790666240,263882790666240,263882790666240,263882790666240,329853488332800,300991308103680,,,,,,,,,,,,,,,,,,,,,,,,,,,527765581332480,527765581332480,527765581332480,527765581332480,527765581332480,527765581332480,659706976665600,601982616207360,,,,,,,,,,,,,,,,,,,,,,,,,,,0,0,0,0,0,0,0,0,,,,,,,,,,,,,,,,,,,,,,,,,,,189,189,189,193,194,191,187,158,,,,,,,,,,,,,,,,,,,,,,,,,,,180,192,192,193,193,190,187,196,,,,,,,,,,,,,,,,,,,,,,,,,,,,,,,,,,,,,,,,,,,,,,,,,,,,,,,,,,,,,,,,,,,,,,,,,,,,,,,,,,,,
fullpp_vocab_dp1_pp8_tp1_v64k_s2k,128,2048,3072,64000,32,12288,24,1,8,1,4,1,vocab,1,1.5625,5189.394235,3.8,9576.4,8182.0,5170.3,9.33E+00,9681.162598,15591.3501,17490,11146 11515 11427 10859 11422 11546 11764 11118,23350 22293 22520 22886 22074 22887 22547 21925,2723 2666 2681 2688 2643 2698 2634 2400,431 399 424 422 440 481 532 515,355 423 429 431 426 435 427 499,345 345 345 345 345 345 345 345,,160.59,7.32%,4,791.70,338.13,76.11%,58.30,54.80,19.00%,173.28,263882790666240,263882790666240,263882790666240,263882790666240,263882790666240,263882790666240,263882790666240,263882790666240,,,,,,,,,,,,,,,,,,,,,,,,,,,527765581332480,527765581332480,527765581332480,527765581332480,527765581332480,527765581332480,527765581332480,527765581332480,,,,,,,,,,,,,,,,,,,,,,,,,,,38654705664000,38654705664000,38654705664000,38654705664000,38654705664000,38654705664000,38654705664000,38654705664000,,,,,,,,,,,,,,,,,,,,,,,,,,,185,179,180,190,180,179,175,185,,,,,,,,,,,,,,,,,,,,,,,,,,,177,185,183,180,187,180,183,188,,,,,,,,,,,,,,,,,,,,,,,,,,,111,113,113,112,114,112,115,126,,,,,,,,,,,,,,,,,,,,,,,,,,,,,,,,,,,,,,,,,,,,,,,,,,
fullpp_synctwice_dp1_pp8_tp1_v64k_s2k,128,2048,3072,64000,32,12288,24,1,8,1,4,1,synctwice,1,1.5625,5189.394235,3.8,9576.4,9091.2,5160.6,9.33E+00,10498.0752,16408.29443,18384,11108 11478 11429 10823 11236 11488 11742 11006,23151 22241 22360 22707 21971 22908 22424 21933,2500 2466 2461 2476 2452 2509 2450 2222,447 400 407 400 430 465 464 521,349 419 423 425 424 433 426 498,360 360 360 360 360 360 360 360,,160.89,8.08%,4,743.55,312.58,82.34%,56.54,54.35,19.38%,175.04,263882790666240,263882790666240,263882790666240,263882790666240,263882790666240,263882790666240,263882790666240,263882790666240,,,,,,,,,,,,,,,,,,,,,,,,,,,527765581332480,527765581332480,527765581332480,527765581332480,527765581332480,527765581332480,527765581332480,527765581332480,,,,,,,,,,,,,,,,,,,,,,,,,,,38654705664000,38654705664000,38654705664000,38654705664000,38654705664000,38654705664000,38654705664000,38654705664000,,,,,,,,,,,,,,,,,,,,,,,,,,,186,180,180,190,183,179,176,187,,,,,,,,,,,,,,,,,,,,,,,,,,,178,185,184,182,188,180,184,188,,,,,,,,,,,,,,,,,,,,,,,,,,,121,122,123,122,123,120,123,136,,,,,,,,,,,,,,,,,,,,,,,,,,,,,,,,,,,,,,,,,,,,,,,,,,
fullpp_interlaced_dp1_pp8_tp1_v64k_s2k,128,2048,3072,64000,32,12288,24,1,8,1,4,1,interlaced,1,1.5625,5189.394235,3.8,9576.4,10909.4,5093.8,9.33E+00,12149.66162,17987.55225,19808,11083 10766 10747 10753 10772 10921 10655 10658,22383 21885 21802 21861 21844 22246 21604 21693,2971 2847 2759 2670 2586 2462 2358 3668,547 537 540 533 549 546 563 595,412 476 481 485 492 496 488 575,341 341 341 341 341 341 341 341,,163.00,8.18%,4,676.94,301.82,85.27%,68.22,52.74,17.76%,177.53,263882790666240,263882790666240,263882790666240,263882790666240,263882790666240,263882790666240,263882790666240,263882790666240,,,,,,,,,,,,,,,,,,,,,,,,,,,527765581332480,527765581332480,527765581332480,527765581332480,527765581332480,527765581332480,527765581332480,527765581332480,,,,,,,,,,,,,,,,,,,,,,,,,,,38654705664000,38654705664000,38654705664000,38654705664000,38654705664000,38654705664000,38654705664000,38654705664000,,,,,,,,,,,,,,,,,,,,,,,,,,,186,191,192,192,191,189,193,193,,,,,,,,,,,,,,,,,,,,,,,,,,,184,188,189,189,189,185,191,190,,,,,,,,,,,,,,,,,,,,,,,,,,,102,106,109,113,117,123,128,82,,,,,,,,,,,,,,,,,,,,,,,,,,,,,,,,,,,,,,,,,,,,,,,,,,
fullpp_base_dp1_pp8_tp1_v32k_s2k,128,2048,3072,32000,32,12288,24,1,8,1,4,1,base,1,0.78125,5068.59828,3.7,9330.5,7272.9,5489.9,8.76E+00,8726.225098,15215.44678,17046,10761 10887 10681 10573 10554 10674 10612 14603,21993 21497 21130 21279 21267 21412 21364 25997,0 0 0 0 0 0 0 0,0 0 0 0 0 0 0 0,0 0 0 0 0 0 0 0,0 0 0 0 0 0 0 0,,147.72,22.68%,4,244.54,137.98,,-2.02,7.94,,191.06,263882790666240,263882790666240,263882790666240,263882790666240,263882790666240,263882790666240,263882790666240,315422398218240,,,,,,,,,,,,,,,,,,,,,,,,,,,527765581332480,527765581332480,527765581332480,527765581332480,527765581332480,527765581332480,527765581332480,630844796436480,,,,,,,,,,,,,,,,,,,,,,,,,,,0,0,0,0,0,0,0,0,,,,,,,,,,,,,,,,,,,,,,,,,,,192,189,193,195,195,193,194,169,,,,,,,,,,,,,,,,,,,,,,,,,,,187,192,195,194,194,193,193,190,,,,,,,,,,,,,,,,,,,,,,,,,,,,,,,,,,,,,,,,,,,,,,,,,,,,,,,,,,,,,,,,,,,,,,,,,,,,,,,,,,,,
fullpp_redis_dp1_pp8_tp1_v32k_s2k,128,2048,3072,32000,32,12288,24,1,8,1,4,1,redis,1,0.78125,5068.59828,3.7,9330.5,7272.9,5508.7,8.76E+00,8726.225098,15215.44678,17046,10733 10881 10701 10581 10586 10688 10612 14668,22002 21472 21194 21311 21249 21508 21289 26045,0 0 0 0 0 0 0 0,0 0 0 0 0 0 0 0,0 0 0 0 0 0 0 0,0 0 0 0 0 0 0 0,,147.22,22.88%,4,248.32,,,,,,190.89,263882790666240,263882790666240,263882790666240,263882790666240,263882790666240,263882790666240,263882790666240,315422398218240,,,,,,,,,,,,,,,,,,,,,,,,,,,527765581332480,527765581332480,527765581332480,527765581332480,527765581332480,527765581332480,527765581332480,630844796436480,,,,,,,,,,,,,,,,,,,,,,,,,,,0,0,0,0,0,0,0,0,,,,,,,,,,,,,,,,,,,,,,,,,,,192,189,193,195,195,193,194,168,,,,,,,,,,,,,,,,,,,,,,,,,,,187,192,195,193,194,192,194,189,,,,,,,,,,,,,,,,,,,,,,,,,,,,,,,,,,,,,,,,,,,,,,,,,,,,,,,,,,,,,,,,,,,,,,,,,,,,,,,,,,,,
fullpp_vocab_dp1_pp8_tp1_v32k_s2k,128,2048,3072,32000,32,12288,24,1,8,1,4,1,vocab,1,0.78125,5068.59828,3.7,9330.5,8182.0,5045,8.76E+00,9278.131836,15188.26416,16702,10857 11696 11396 10634 11295 11370 11828 11121,22753 22269 22123 22459 21856 22445 22711 22104,1573 1580 1556 1547 1547 1573 1591 1357,511 374 449 372 499 503 761 761,287 361 362 358 361 369 374 448,345 345 345 345 345 345 345 345,,160.75,8.54%,4,614.26,197.18,69.98%,67.68,46.72,5.17%,175.75,263882790666240,263882790666240,263882790666240,263882790666240,263882790666240,263882790666240,263882790666240,263882790666240,,,,,,,,,,,,,,,,,,,,,,,,,,,527765581332480,527765581332480,527765581332480,527765581332480,527765581332480,527765581332480,527765581332480,527765581332480,,,,,,,,,,,,,,,,,,,,,,,,,,,19327352832000,19327352832000,19327352832000,19327352832000,19327352832000,19327352832000,19327352832000,19327352832000,,,,,,,,,,,,,,,,,,,,,,,,,,,190,176,181,194,183,181,174,185,,,,,,,,,,,,,,,,,,,,,,,,,,,181,185,186,184,189,184,182,187,,,,,,,,,,,,,,,,,,,,,,,,,,,96,96,97,98,98,96,95,111,,,,,,,,,,,,,,,,,,,,,,,,,,,,,,,,,,,,,,,,,,,,,,,,,,
fullpp_synctwice_dp1_pp8_tp1_v32k_s2k,128,2048,3072,32000,32,12288,24,1,8,1,4,1,synctwice,1,0.78125,5068.59828,3.7,9330.5,9091.2,5026.5,8.76E+00,10094.54492,16004.74756,17536,10854 11666 11372 10642 11200 11301 11826 11053,22643 22230 22051 22387 21849 22425 22697 22110,1418 1423 1409 1418 1411 1430 1457 1215,393 376 414 386 465 476 742 773,283 359 360 360 361 368 374 445,334 334 334 334 334 334 334 334,,161.34,8.83%,4,582.75,178.90,77.13%,64.40,46.56,5.34%,176.96,263882790666240,263882790666240,263882790666240,263882790666240,263882790666240,263882790666240,263882790666240,263882790666240,,,,,,,,,,,,,,,,,,,,,,,,,,,527765581332480,527765581332480,527765581332480,527765581332480,527765581332480,527765581332480,527765581332480,527765581332480,,,,,,,,,,,,,,,,,,,,,,,,,,,19327352832000,19327352832000,19327352832000,19327352832000,19327352832000,19327352832000,19327352832000,19327352832000,,,,,,,,,,,,,,,,,,,,,,,,,,,190,177,181,194,184,182,174,187,,,,,,,,,,,,,,,,,,,,,,,,,,,182,185,187,184,189,184,182,186,,,,,,,,,,,,,,,,,,,,,,,,,,,106,106,107,106,107,106,104,124,,,,,,,,,,,,,,,,,,,,,,,,,,,,,,,,,,,,,,,,,,,,,,,,,,
fullpp_interlaced_dp1_pp8_tp1_v32k_s2k,128,2048,3072,32000,32,12288,24,1,8,1,4,1,interlaced,1,0.78125,5068.59828,3.7,9330.5,10909.4,4951.9,8.76E+00,11775.66162,17613.30225,19230,10890 10784 10667 10623 10631 10754 10764 10730,21975 21934 21602 21611 21589 21878 21827 21861,1992 1851 1750 1659 1573 1487 1418 2130,535 538 583 589 528 536 895 917,345 419 424 428 428 434 436 524,617 617 617 617 617 617 617 617,,163.77,8.71%,4,520.62,181.50,76.02%,67.58,44.16,5.30%,179.39,263882790666240,263882790666240,263882790666240,263882790666240,263882790666240,263882790666240,263882790666240,263882790666240,,,,,,,,,,,,,,,,,,,,,,,,,,,527765581332480,527765581332480,527765581332480,527765581332480,527765581332480,527765581332480,527765581332480,527765581332480,,,,,,,,,,,,,,,,,,,,,,,,,,,19327352832000,19327352832000,19327352832000,19327352832000,19327352832000,19327352832000,19327352832000,19327352832000,,,,,,,,,,,,,,,,,,,,,,,,,,,189,191,193,194,194,192,192,192,,,,,,,,,,,,,,,,,,,,,,,,,,,188,188,191,191,191,188,189,189,,,,,,,,,,,,,,,,,,,,,,,,,,,76,82,86,91,96,102,106,71,,,,,,,,,,,,,,,,,,,,,,,,,,,,,,,,,,,,,,,,,,,,,,,,,,
fullpp_base_dp1_pp8_tp1_v256k_s4k,128,4096,3072,256000,32,12288,24,1,8,1,4,1,base,1,5.681818182,12817.9004,4.4,11067.6,14545.8,23959.4,1.05E+01,10425.9751,32397.00146,37076,24223 23749 23346 23621 23470 23433 23650 76548,50416 45615 45146 45292 45518 45198 45715 106804,0 0 0 0 0 0 0 0,0 0 0 0 0 0 0 0,0 0 0 0 0 0 0 0,0 0 0 0 0 0 0 0,,85.60,55.14%,10,747.90,1,823.79,,7.58,76.82,,190.82,580542139465728,580542139465728,580542139465728,580542139465728,580542139465728,580542139465728,580542139465728,1.40518E+15,,,,,,,,,,,,,,,,,,,,,,,,,,,1.16108E+15,1.16108E+15,1.16108E+15,1.16108E+15,1.16108E+15,1.16108E+15,1.16108E+15,2.81035E+15,,,,,,,,,,,,,,,,,,,,,,,,,,,0,0,0,0,0,0,0,0,,,,,,,,,,,,,,,,,,,,,,,,,,,187,191,194,192,193,194,192,143,,,,,,,,,,,,,,,,,,,,,,,,,,,180,199,201,200,199,201,198,206,,,,,,,,,,,,,,,,,,,,,,,,,,,,,,,,,,,,,,,,,,,,,,,,,,,,,,,,,,,,,,,,,,,,,,,,,,,,,,,,,,,,
fullpp_redis_dp1_pp8_tp1_v256k_s4k,128,4096,3072,256000,32,12288,24,1,8,1,0,1,redis,1,5.681818182,12817.9004,4.4,11067.6,14545.8,14900.5,1.05E+01,12971.46143,32397.00146,37076,24391 23909 23369 30201 29923 30086 30028 52733,50764 46045 45464 58007 57927 58110 58271 58574,0 0 0 0 0 0 0 0,0 0 0 0 0 0 0 0,0 0 0 0 0 0 0 0,0 0 0 0 0 0 0 0,,137.64,27.22%,10,844.83,,,,,,189.11,580542139465728,580542139465728,580542139465728,725677674332160,725677674332160,725677674332160,725677674332160,824633720832000,,,,,,,,,,,,,,,,,,,,,,,,,,,1.16108E+15,1.16108E+15,1.16108E+15,1.45136E+15,1.45136E+15,1.45136E+15,1.45136E+15,1.64927E+15,,,,,,,,,,,,,,,,,,,,,,,,,,,0,0,0,0,0,0,0,0,,,,,,,,,,,,,,,,,,,,,,,,,,,186,190,194,188,189,188,189,122,,,,,,,,,,,,,,,,,,,,,,,,,,,179,197,200,195,196,195,195,220,,,,,,,,,,,,,,,,,,,,,,,,,,,,,,,,,,,,,,,,,,,,,,,,,,,,,,,,,,,,,,,,,,,,,,,,,,,,,,,,,,,,
fullpp_vocab_dp1_pp8_tp1_v256k_s4k,128,4096,3072,256000,32,12288,24,1,8,1,4,1,vocab,1,5.681818182,12817.9004,4.4,11067.6,16364.1,12716.5,1.05E+01,14231.63525,26345.8501,28514,23997 26990 25665 23827 25982 25546 27368 25087,49965 48656 47704 49320 47645 48520 49160 48405,16197 16339 15835 16232 16070 16216 16217 15896,1220 1118 1267 1389 1443 1313 1482 1460,1046 1029 1016 1022 1011 1017 1016 1154,598 598 598 598 598 598 598 598,,161.28,6.66%,11,869.47,2,064.03,88.36%,171.07,132.98,27.76%,172.78,580542139465728,580542139465728,580542139465728,580542139465728,580542139465728,580542139465728,580542139465728,580542139465728,,,,,,,,,,,,,,,,,,,,,,,,,,,1.16108E+15,1.16108E+15,1.16108E+15,1.16108E+15,1.16108E+15,1.16108E+15,1.16108E+15,1.16108E+15,,,,,,,,,,,,,,,,,,,,,,,,,,,309237645312000,309237645312000,309237645312000,309237645312000,309237645312000,309237645312000,309237645312000,309237645312000,,,,,,,,,,,,,,,,,,,,,,,,,,,189,168,177,190,175,178,166,181,,,,,,,,,,,,,,,,,,,,,,,,,,,182,186,190,184,190,187,185,187,,,,,,,,,,,,,,,,,,,,,,,,,,,149,148,153,149,150,149,149,152,,,,,,,,,,,,,,,,,,,,,,,,,,,,,,,,,,,,,,,,,,,,,,,,,,
fullpp_synctwice_dp1_pp8_tp1_v256k_s4k,128,4096,3072,256000,32,12288,24,1,8,1,4,1,synctwice,1,5.681818182,12817.9004,4.4,11067.6,18182.3,12651.5,1.05E+01,15865.45654,27995.76123,29816,23950 26834 25763 23765 25865 25420 27317 24711,49613 48329 47653 49057 47475 48294 49046 48264,15348 15495 15036 15378 15245 15355 15382 15054,1276 1090 1519 1302 1312 1368 1418 1505,1051 1030 1014 1019 1010 1013 1014 1155,608 608 608 608 608 608 608 608,,162.10,7.33%,11,723.92,1,956.69,93.21%,172.64,132.90,27.62%,174.93,580542139465728,580542139465728,580542139465728,580542139465728,580542139465728,580542139465728,580542139465728,580542139465728,,,,,,,,,,,,,,,,,,,,,,,,,,,1.16108E+15,1.16108E+15,1.16108E+15,1.16108E+15,1.16108E+15,1.16108E+15,1.16108E+15,1.16108E+15,,,,,,,,,,,,,,,,,,,,,,,,,,,309237645312000,309237645312000,309237645312000,309237645312000,309237645312000,309237645312000,309237645312000,309237645312000,,,,,,,,,,,,,,,,,,,,,,,,,,,189,169,176,191,175,178,166,184,,,,,,,,,,,,,,,,,,,,,,,,,,,183,188,190,185,191,188,185,188,,,,,,,,,,,,,,,,,,,,,,,,,,,157,156,161,157,158,157,157,160,,,,,,,,,,,,,,,,,,,,,,,,,,,,,,,,,,,,,,,,,,,,,,,,,,
fullpp_interlaced_dp1_pp8_tp1_v256k_s4k,128,4096,3072,256000,32,12288,24,1,8,1,4,1,interlaced,1,5.681818182,12817.9004,4.4,11067.6,21818.8,12473.1,1.05E+01,19556.59033,31263.57373,33390,23979 24122 23193 23982 23459 24010 23663 24119,49763 47712 48167 47312 48686 47377 49060 47666,15736 15676 15252 15292 14996 14965 14743 17426,1744 1783 1866 1932 1815 1877 1881 1865,1240 1226 1204 1216 1184 1186 1182 1312,612 612 612 612 612 612 612 612,,164.42,7.02%,11,597.90,1,887.10,96.65%,223.23,151.30,22.54%,176.83,580542139465728,580542139465728,580542139465728,580542139465728,580542139465728,580542139465728,580542139465728,580542139465728,,,,,,,,,,,,,,,,,,,,,,,,,,,1.16108E+15,1.16108E+15,1.16108E+15,1.16108E+15,1.16108E+15,1.16108E+15,1.16108E+15,1.16108E+15,,,,,,,,,,,,,,,,,,,,,,,,,,,309237645312000,309237645312000,309237645312000,309237645312000,309237645312000,309237645312000,309237645312000,309237645312000,,,,,,,,,,,,,,,,,,,,,,,,,,,189,188,196,189,193,189,192,188,,,,,,,,,,,,,,,,,,,,,,,,,,,182,190,188,192,186,191,185,190,,,,,,,,,,,,,,,,,,,,,,,,,,,154,154,158,158,161,161,164,139,,,,,,,,,,,,,,,,,,,,,,,,,,,,,,,,,,,,,,,,,,,,,,,,,,
fullpp_base_dp1_pp8_tp1_v128k_s4k,128,4096,3072,128000,32,12288,24,1,8,1,4,1,base,1,2.840909091,11851.53276,4.0,10083.9,14545.8,16932.2,9.95E+00,10425.9751,26397.00146,29612,24234 23606 23381 23389 23356 23545 23397 50855,48131 45522 45045 45316 45557 45624 45351 77239,0 0 0 0 0 0 0 0,0 0 0 0 0 0 0 0,0 0 0 0 0 0 0 0,0 0 0 0 0 0 0 0,,111.99,42.02%,9,816.77,949.54,,10.05,41.74,,193.16,580542139465728,580542139465728,580542139465728,580542139465728,580542139465728,580542139465728,580542139465728,992858999881728,,,,,,,,,,,,,,,,,,,,,,,,,,,1.16108E+15,1.16108E+15,1.16108E+15,1.16108E+15,1.16108E+15,1.16108E+15,1.16108E+15,1.98572E+15,,,,,,,,,,,,,,,,,,,,,,,,,,,0,0,0,0,0,0,0,0,,,,,,,,,,,,,,,,,,,,,,,,,,,187,192,194,194,194,193,194,153,,,,,,,,,,,,,,,,,,,,,,,,,,,188,199,201,200,199,199,200,201,,,,,,,,,,,,,,,,,,,,,,,,,,,,,,,,,,,,,,,,,,,,,,,,,,,,,,,,,,,,,,,,,,,,,,,,,,,,,,,,,,,,
fullpp_redis_dp1_pp8_tp1_v128k_s4k,128,4096,3072,128000,32,12288,24,1,8,1,2,1,redis,1,2.840909091,11851.53276,4.0,10083.9,14545.8,12489.8,9.93E+00,12971.46143,26397.00146,29612,24367 23848 23524 23500 23441 30108 30020 39031,48636 46143 45525 45740 45928 59536 59052 53522,0 0 0 0 0 0 0 0,0 0 0 0 0 0 0 0,0 0 0 0 0 0 0 0,0 0 0 0 0 0 0 0,,151.82,20.33%,9,950.74,,,,,,190.56,580542139465728,580542139465728,580542139465728,580542139465728,580542139465728,725677674332160,725677674332160,702587930148864,,,,,,,,,,,,,,,,,,,,,,,,,,,1.16108E+15,1.16108E+15,1.16108E+15,1.16108E+15,1.16108E+15,1.45136E+15,1.45136E+15,1.40518E+15,,,,,,,,,,,,,,,,,,,,,,,,,,,0,0,0,0,0,0,0,0,,,,,,,,,,,,,,,,,,,,,,,,,,,186,190,193,193,193,188,189,141,,,,,,,,,,,,,,,,,,,,,,,,,,,187,197,199,198,198,190,192,205,,,,,,,,,,,,,,,,,,,,,,,,,,,,,,,,,,,,,,,,,,,,,,,,,,,,,,,,,,,,,,,,,,,,,,,,,,,,,,,,,,,,
fullpp_vocab_dp1_pp8_tp1_v128k_s4k,128,4096,3072,128000,32,12288,24,1,8,1,4,1,vocab,1,2.840909091,11851.53276,4.0,10083.9,16364.1,11719.3,9.95E+00,12477.63525,24375.86963,26306,23864 27013 25923 23495 25882 25263 27090 24707,49568 48206 47712 48518 46895 48336 48492 47743,8738 8806 8599 8656 8617 8720 8759 8339,1302 1099 1266 1085 1351 1504 2211 2439,799 783 772 767 766 775 794 919,621 621 621 621 621 621 621 621,,161.81,7.63%,10,825.17,1,107.74,85.72%,196.11,102.00,17.37%,175.17,580542139465728,580542139465728,580542139465728,580542139465728,580542139465728,580542139465728,580542139465728,580542139465728,,,,,,,,,,,,,,,,,,,,,,,,,,,1.16108E+15,1.16108E+15,1.16108E+15,1.16108E+15,1.16108E+15,1.16108E+15,1.16108E+15,1.16108E+15,,,,,,,,,,,,,,,,,,,,,,,,,,,154618822656000,154618822656000,154618822656000,154618822656000,154618822656000,154618822656000,154618822656000,154618822656000,,,,,,,,,,,,,,,,,,,,,,,,,,,190,168,175,193,175,180,167,184,,,,,,,,,,,,,,,,,,,,,,,,,,,183,188,190,187,193,188,187,190,,,,,,,,,,,,,,,,,,,,,,,,,,,138,137,140,140,140,139,138,145,,,,,,,,,,,,,,,,,,,,,,,,,,,,,,,,,,,,,,,,,,,,,,,,,,
fullpp_synctwice_dp1_pp8_tp1_v128k_s4k,128,4096,3072,128000,32,12288,24,1,8,1,4,1,synctwice,1,2.840909091,11851.53276,4.0,10083.9,18182.3,11658.9,9.95E+00,14111.45654,26023.51123,27874,23785 26830 25834 23426 25771 25079 27070 24395,49206 47945 47828 48448 46768 48110 48355 47508,8259 8313 8167 8216 8136 8226 8248 7827,2227 1815 2134 1426 1338 1445 2220 2638,809 788 802 775 767 779 792 928,590 590 590 590 590 590 590 590,,162.64,7.58%,10,774.93,1,046.27,90.75%,243.89,103.04,14.93%,175.99,580542139465728,580542139465728,580542139465728,580542139465728,580542139465728,580542139465728,580542139465728,580542139465728,,,,,,,,,,,,,,,,,,,,,,,,,,,1.16108E+15,1.16108E+15,1.16108E+15,1.16108E+15,1.16108E+15,1.16108E+15,1.16108E+15,1.16108E+15,,,,,,,,,,,,,,,,,,,,,,,,,,,154618822656000,154618822656000,154618822656000,154618822656000,154618822656000,154618822656000,154618822656000,154618822656000,,,,,,,,,,,,,,,,,,,,,,,,,,,191,169,176,194,176,181,168,186,,,,,,,,,,,,,,,,,,,,,,,,,,,184,189,190,187,194,189,188,191,,,,,,,,,,,,,,,,,,,,,,,,,,,146,145,148,147,148,147,146,154,,,,,,,,,,,,,,,,,,,,,,,,,,,,,,,,,,,,,,,,,,,,,,,,,,
fullpp_interlaced_dp1_pp8_tp1_v128k_s4k,128,4096,3072,128000,32,12288,24,1,8,1,4,1,interlaced,1,2.840909091,11851.53276,4.0,10083.9,21818.8,11546.4,9.95E+00,17583.34033,29291.32373,31306,23751 23886 23252 23528 23209 23788 23433 23732,49172 47199 48025 46557 48101 47112 48372 46942,8928 8858 8556 8470 8201 8165 7923 10478,2325 2278 2476 2472 1741 1768 3101 3151,874 872 875 875 836 839 980 1058,603 603 603 603 603 603 603 603,,164.23,7.69%,10,658.54,1,014.14,93.63%,222.85,107.01,15.70%,177.91,580542139465728,580542139465728,580542139465728,580542139465728,580542139465728,580542139465728,580542139465728,580542139465728,,,,,,,,,,,,,,,,,,,,,,,,,,,1.16108E+15,1.16108E+15,1.16108E+15,1.16108E+15,1.16108E+15,1.16108E+15,1.16108E+15,1.16108E+15,,,,,,,,,,,,,,,,,,,,,,,,,,,154618822656000,154618822656000,154618822656000,154618822656000,154618822656000,154618822656000,154618822656000,154618822656000,,,,,,,,,,,,,,,,,,,,,,,,,,,191,190,195,193,195,191,194,191,,,,,,,,,,,,,,,,,,,,,,,,,,,184,192,189,195,189,193,188,193,,,,,,,,,,,,,,,,,,,,,,,,,,,135,136,141,143,147,148,152,115,,,,,,,,,,,,,,,,,,,,,,,,,,,,,,,,,,,,,,,,,,,,,,,,,,
fullpp_base_dp1_pp8_tp1_v64k_s4k,128,4096,3072,64000,32,12288,24,1,8,1,4,1,base,1,1.420454545,11368.34894,3.8,9592.1,14545.8,13577.1,9.31E+00,10425.9751,23398.69678,25894,24329 23758 23736 23767 23476 23858 23614 37916,47796 45588 45945 46077 45503 45803 45772 63819,0 0 0 0 0 0 0 0,0 0 0 0 0 0 0 0,0 0 0 0 0 0 0 0,0 0 0 0 0 0 0 0,,133.97,30.38%,9,452.11,517.58,,9.14,35.33,,192.44,580542139465728,580542139465728,580542139465728,580542139465728,580542139465728,580542139465728,580542139465728,786700569673728,,,,,,,,,,,,,,,,,,,,,,,,,,,1.16108E+15,1.16108E+15,1.16108E+15,1.16108E+15,1.16108E+15,1.16108E+15,1.16108E+15,1.5734E+15,,,,,,,,,,,,,,,,,,,,,,,,,,,0,0,0,0,0,0,0,0,,,,,,,,,,,,,,,,,,,,,,,,,,,186,191,191,191,193,190,192,162,,,,,,,,,,,,,,,,,,,,,,,,,,,190,199,197,197,199,198,198,193,,,,,,,,,,,,,,,,,,,,,,,,,,,,,,,,,,,,,,,,,,,,,,,,,,,,,,,,,,,,,,,,,,,,,,,,,,,,,,,,,,,,
fullpp_redis_dp1_pp8_tp1_v64k_s4k,128,4096,3072,64000,32,12288,24,1,8,1,3,1,redis,1,1.420454545,11368.34894,3.8,9592.1,14545.8,12151.5,9.31E+00,11045.56982,23398.69678,25894,24488 23783 23836 23906 23586 23922 30213 31623,48235 45992 46252 46482 45867 46311 60048 51291,0 0 0 0 0 0 0 0,0 0 0 0 0 0 0 0,0 0 0 0 0 0 0 0,0 0 0 0 0 0 0 0,,149.69,21.55%,9,533.36,,,,,,190.80,580542139465728,580542139465728,580542139465728,580542139465728,580542139465728,580542139465728,725677674332160,641565034807296,,,,,,,,,,,,,,,,,,,,,,,,,,,1.16108E+15,1.16108E+15,1.16108E+15,1.16108E+15,1.16108E+15,1.16108E+15,1.45136E+15,1.28313E+15,,,,,,,,,,,,,,,,,,,,,,,,,,,0,0,0,0,0,0,0,0,,,,,,,,,,,,,,,,,,,,,,,,,,,185,191,190,190,192,190,188,158,,,,,,,,,,,,,,,,,,,,,,,,,,,188,197,196,195,198,196,189,195,,,,,,,,,,,,,,,,,,,,,,,,,,,,,,,,,,,,,,,,,,,,,,,,,,,,,,,,,,,,,,,,,,,,,,,,,,,,,,,,,,,,
fullpp_vocab_dp1_pp8_tp1_v64k_s4k,128,4096,3072,64000,32,12288,24,1,8,1,4,1,vocab,1,1.420454545,11368.34894,3.8,9592.1,16364.1,11200.8,9.31E+00,11600.13525,23434.86963,24844,23860 26870 25843 23792 26005 25433 27219 25221,49681 47757 48304 49174 47187 48718 48599 48288,4981 4963 4923 4969 4910 4981 4959 4585,1881 1230 1325 1234 1261 1829 1747 1585,691 663 674 653 651 665 666 795,633 633 633 633 633 633 633 633,,162.39,7.32%,10,380.35,628.34,82.37%,193.47,87.33,15.83%,175.23,580542139465728,580542139465728,580542139465728,580542139465728,580542139465728,580542139465728,580542139465728,580542139465728,,,,,,,,,,,,,,,,,,,,,,,,,,,1.16108E+15,1.16108E+15,1.16108E+15,1.16108E+15,1.16108E+15,1.16108E+15,1.16108E+15,1.16108E+15,,,,,,,,,,,,,,,,,,,,,,,,,,,77309411328000,77309411328000,77309411328000,77309411328000,77309411328000,77309411328000,77309411328000,77309411328000,,,,,,,,,,,,,,,,,,,,,,,,,,,190,169,176,191,174,178,167,180,,,,,,,,,,,,,,,,,,,,,,,,,,,183,190,188,184,192,186,187,188,,,,,,,,,,,,,,,,,,,,,,,,,,,121,122,123,122,123,121,122,132,,,,,,,,,,,,,,,,,,,,,,,,,,,,,,,,,,,,,,,,,,,,,,,,,,
fullpp_synctwice_dp1_pp8_tp1_v64k_s4k,128,4096,3072,64000,32,12288,24,1,8,1,4,1,synctwice,1,1.420454545,11368.34894,3.8,9592.1,18182.3,11149.9,9.31E+00,13233.95654,25054.29053,26480,23877 26868 25854 23824 26027 25509 27224 25189,49534 47773 48262 49206 47206 48730 48761 48400,4603 4615 4588 4638 4579 4639 4605 4250,1466 1237 1268 1284 1305 1349 1395 1469,672 659 669 655 647 655 648 792,615 615 615 615 615 615 615 615,,163.13,7.45%,10,318.90,584.27,88.59%,172.37,86.35,17.19%,176.27,580542139465728,580542139465728,580542139465728,580542139465728,580542139465728,580542139465728,580542139465728,580542139465728,,,,,,,,,,,,,,,,,,,,,,,,,,,1.16108E+15,1.16108E+15,1.16108E+15,1.16108E+15,1.16108E+15,1.16108E+15,1.16108E+15,1.16108E+15,,,,,,,,,,,,,,,,,,,,,,,,,,,77309411328000,77309411328000,77309411328000,77309411328000,77309411328000,77309411328000,77309411328000,77309411328000,,,,,,,,,,,,,,,,,,,,,,,,,,,190,169,175,190,174,178,167,180,,,,,,,,,,,,,,,,,,,,,,,,,,,183,190,188,184,192,186,186,187,,,,,,,,,,,,,,,,,,,,,,,,,,,131,131,132,130,132,130,131,142,,,,,,,,,,,,,,,,,,,,,,,,,,,,,,,,,,,,,,,,,,,,,,,,,,
fullpp_interlaced_dp1_pp8_tp1_v64k_s4k,128,4096,3072,64000,32,12288,24,1,8,1,4,1,interlaced,1,1.420454545,11368.34894,3.8,9592.1,21818.8,10970,9.31E+00,16599.98389,28303.44873,29922,23808 23755 23566 23869 23376 24033 23553 24086,49230 46947 48564 47367 48344 47633 48679 47820,5297 5216 4946 4867 4605 4545 4297 6199,1773 1763 1891 1844 1837 1839 1761 1793,820 804 799 799 787 798 792 907,586 586 586 586 586 586 586 586,,165.81,7.29%,10,169.74,550.02,94.10%,225.41,100.74,13.63%,178.86,580542139465728,580542139465728,580542139465728,580542139465728,580542139465728,580542139465728,580542139465728,580542139465728,,,,,,,,,,,,,,,,,,,,,,,,,,,1.16108E+15,1.16108E+15,1.16108E+15,1.16108E+15,1.16108E+15,1.16108E+15,1.16108E+15,1.16108E+15,,,,,,,,,,,,,,,,,,,,,,,,,,,77309411328000,77309411328000,77309411328000,77309411328000,77309411328000,77309411328000,77309411328000,77309411328000,,,,,,,,,,,,,,,,,,,,,,,,,,,191,191,192,190,194,189,193,188,,,,,,,,,,,,,,,,,,,,,,,,,,,184,193,187,192,188,190,186,190,,,,,,,,,,,,,,,,,,,,,,,,,,,114,116,122,124,131,133,141,97,,,,,,,,,,,,,,,,,,,,,,,,,,,,,,,,,,,,,,,,,,,,,,,,,,
fullpp_base_dp1_pp8_tp1_v32k_s4k,128,4096,3072,32000,32,12288,24,1,8,1,4,1,base,1,0.7102272727,11126.75703,3.7,9346.2,14545.8,11825.4,8.78E+00,10425.9751,21900.69678,23970,24399 24190 23903 23922 23628 23788 23607 31613,47648 46570 46361 46502 46310 46298 46179 56466,0 0 0 0 0 0 0 0,0 0 0 0 0 0 0 0,0 0 0 0 0 0 0 0,0 0 0 0 0 0 0 0,,150.55,21.34%,9,302.14,292.69,,3.34,17.25,,191.38,580542139465728,580542139465728,580542139465728,580542139465728,580542139465728,580542139465728,580542139465728,683621354569728,,,,,,,,,,,,,,,,,,,,,,,,,,,1.16108E+15,1.16108E+15,1.16108E+15,1.16108E+15,1.16108E+15,1.16108E+15,1.16108E+15,1.36724E+15,,,,,,,,,,,,,,,,,,,,,,,,,,,0,0,0,0,0,0,0,0,,,,,,,,,,,,,,,,,,,,,,,,,,,186,187,190,190,192,191,192,169,,,,,,,,,,,,,,,,,,,,,,,,,,,190,195,196,195,196,196,196,189,,,,,,,,,,,,,,,,,,,,,,,,,,,,,,,,,,,,,,,,,,,,,,,,,,,,,,,,,,,,,,,,,,,,,,,,,,,,,,,,,,,,
fullpp_redis_dp1_pp8_tp1_v32k_s4k,128,4096,3072,32000,32,12288,24,1,8,1,4,1,redis,1,0.7102272727,11126.75703,3.7,9346.2,14545.8,11855.7,8.78E+00,10425.9751,21900.69678,23970,24413 24115 23961 24095 23626 23797 23663 31649,47647 46505 46311 46637 46331 46323 46210 56631,0 0 0 0 0 0 0 0,0 0 0 0 0 0 0 0,0 0 0 0 0 0 0 0,0 0 0 0 0 0 0 0,,150.16,21.47%,9,310.62,,,,,,191.21,580542139465728,580542139465728,580542139465728,580542139465728,580542139465728,580542139465728,580542139465728,683621354569728,,,,,,,,,,,,,,,,,,,,,,,,,,,1.16108E+15,1.16108E+15,1.16108E+15,1.16108E+15,1.16108E+15,1.16108E+15,1.16108E+15,1.36724E+15,,,,,,,,,,,,,,,,,,,,,,,,,,,0,0,0,0,0,0,0,0,,,,,,,,,,,,,,,,,,,,,,,,,,,186,188,189,188,192,191,192,169,,,,,,,,,,,,,,,,,,,,,,,,,,,190,195,196,195,196,196,196,189,,,,,,,,,,,,,,,,,,,,,,,,,,,,,,,,,,,,,,,,,,,,,,,,,,,,,,,,,,,,,,,,,,,,,,,,,,,,,,,,,,,,
fullpp_vocab_dp1_pp8_tp1_v32k_s4k,128,4096,3072,32000,32,12288,24,1,8,1,4,1,vocab,1,0.7102272727,11126.75703,3.7,9346.2,16364.1,10922.7,8.78E+00,11163.38525,22982.57861,25128,23921 27175 25971 23925 26356 25650 27116 25937,49789 48640 48651 49651 47756 48937 48868 48710,2892 2918 2875 2890 2843 2874 2865 2495,1833 1228 1398 1322 1250 1717 1688 1432,622 604 603 609 584 600 591 735,603 603 603 603 603 603 603 603,,162.99,6.76%,10,184.34,362.43,80.76%,189.89,79.17,7.65%,174.81,580542139465728,580542139465728,580542139465728,580542139465728,580542139465728,580542139465728,580542139465728,580542139465728,,,,,,,,,,,,,,,,,,,,,,,,,,,1.16108E+15,1.16108E+15,1.16108E+15,1.16108E+15,1.16108E+15,1.16108E+15,1.16108E+15,1.16108E+15,,,,,,,,,,,,,,,,,,,,,,,,,,,38654705664000,38654705664000,38654705664000,38654705664000,38654705664000,38654705664000,38654705664000,38654705664000,,,,,,,,,,,,,,,,,,,,,,,,,,,190,167,175,190,172,177,167,175,,,,,,,,,,,,,,,,,,,,,,,,,,,182,186,186,183,190,185,186,186,,,,,,,,,,,,,,,,,,,,,,,,,,,104,103,105,104,106,105,105,121,,,,,,,,,,,,,,,,,,,,,,,,,,,,,,,,,,,,,,,,,,,,,,,,,,
fullpp_synctwice_dp1_pp8_tp1_v32k_s4k,128,4096,3072,32000,32,12288,24,1,8,1,4,1,synctwice,1,0.7102272727,11126.75703,3.7,9346.2,18182.3,10912.4,8.78E+00,12797.20654,24616.44678,26936,24091 26520 25614 24020 25932 25767 27053 25412,49661 48659 48675 49882 47956 48800 48896 48877,2639 2689 2628 2655 2618 2622 2600 2245,1294 1575 1214 1459 1423 1335 1402 1497,617 605 590 610 588 588 583 733,628 628 628 628 628 628 628 628,,163.14,7.24%,10,121.98,331.14,88.39%,179.18,78.62,7.99%,175.88,580542139465728,580542139465728,580542139465728,580542139465728,580542139465728,580542139465728,580542139465728,580542139465728,,,,,,,,,,,,,,,,,,,,,,,,,,,1.16108E+15,1.16108E+15,1.16108E+15,1.16108E+15,1.16108E+15,1.16108E+15,1.16108E+15,1.16108E+15,,,,,,,,,,,,,,,,,,,,,,,,,,,38654705664000,38654705664000,38654705664000,38654705664000,38654705664000,38654705664000,38654705664000,38654705664000,,,,,,,,,,,,,,,,,,,,,,,,,,,188,171,177,189,175,176,168,178,,,,,,,,,,,,,,,,,,,,,,,,,,,183,186,186,182,189,186,186,186,,,,,,,,,,,,,,,,,,,,,,,,,,,114,112,115,114,115,115,116,135,,,,,,,,,,,,,,,,,,,,,,,,,,,,,,,,,,,,,,,,,,,,,,,,,,
fullpp_interlaced_dp1_pp8_tp1_v32k_s4k,128,4096,3072,32000,32,12288,24,1,8,1,4,1,interlaced,1,0.7102272727,11126.75703,3.7,9346.2,21818.8,10821.4,8.78E+00,16226.73389,27853.39404,29788,23895 24097 23741 23971 23637 23933 23484 24116,49378 47621 48918 47617 48668 47399 48572 47964,3679 3595 3289 3199 2931 2841 2605 4841,2351 2330 2611 2645 1823 1860 1800 1866,757 750 783 774 692 704 738 870,606 606 606 606 606 606 606 606,,164.51,7.24%,10,037.52,333.44,87.78%,230.40,88.58,6.46%,177.36,580542139465728,580542139465728,580542139465728,580542139465728,580542139465728,580542139465728,580542139465728,580542139465728,,,,,,,,,,,,,,,,,,,,,,,,,,,1.16108E+15,1.16108E+15,1.16108E+15,1.16108E+15,1.16108E+15,1.16108E+15,1.16108E+15,1.16108E+15,,,,,,,,,,,,,,,,,,,,,,,,,,,38654705664000,38654705664000,38654705664000,38654705664000,38654705664000,38654705664000,38654705664000,38654705664000,,,,,,,,,,,,,,,,,,,,,,,,,,,190,188,191,189,192,190,193,188,,,,,,,,,,,,,,,,,,,,,,,,,,,184,190,185,190,186,191,187,189,,,,,,,,,,,,,,,,,,,,,,,,,,,82,84,92,94,103,106,116,62,,,,,,,,,,,,,,,,,,,,,,,,,,,,,,,,,,,,,,,,,,,,,,,,,,
